step,K,U,E
0,0.0000001998,-0.0374313111,-0.0374311113
1,0.0000007993,-0.0374319106,-0.0374311113
2,0.0000017984,-0.0374329097,-0.0374311113
3,0.0000031974,-0.0374343087,-0.0374311113
4,0.0000049962,-0.0374361075,-0.0374311113
5,0.0000071951,-0.0374383064,-0.0374311113
6,0.0000097942,-0.0374409055,-0.0374311112
7,0.0000127938,-0.0374439050,-0.0374311112
8,0.0000161940,-0.0374473052,-0.0374311112
9,0.0000199952,-0.0374511064,-0.0374311112
10,0.0000241977,-0.0374553089,-0.0374311112
11,0.0000288019,-0.0374599130,-0.0374311111
12,0.0000338080,-0.0374649191,-0.0374311111
13,0.0000392166,-0.0374703277,-0.0374311111
14,0.0000450280,-0.0374761391,-0.0374311111
15,0.0000512428,-0.0374823538,-0.0374311110
16,0.0000578615,-0.0374889725,-0.0374311110
17,0.0000648846,-0.0374959955,-0.0374311110
18,0.0000723126,-0.0375034236,-0.0374311109
19,0.0000801463,-0.0375112572,-0.0374311109
20,0.0000883863,-0.0375194972,-0.0374311108
21,0.0000970333,-0.0375281440,-0.0374311108
22,0.0001060879,-0.0375371986,-0.0374311107
23,0.0001155509,-0.0375466616,-0.0374311107
24,0.0001254232,-0.0375565338,-0.0374311106
25,0.0001357055,-0.0375668161,-0.0374311106
26,0.0001463987,-0.0375775092,-0.0374311105
27,0.0001575037,-0.0375886142,-0.0374311105
28,0.0001690214,-0.0376001319,-0.0374311104
29,0.0001809529,-0.0376120632,-0.0374311103
30,0.0001932990,-0.0376244093,-0.0374311103
31,0.0002060609,-0.0376371711,-0.0374311102
32,0.0002192396,-0.0376503497,-0.0374311101
33,0.0002328362,-0.0376639462,-0.0374311101
34,0.0002468518,-0.0376779618,-0.0374311100
35,0.0002612878,-0.0376923977,-0.0374311099
36,0.0002761452,-0.0377072550,-0.0374311098
37,0.0002914253,-0.0377225351,-0.0374311098
38,0.0003071295,-0.0377382391,-0.0374311097
39,0.0003232590,-0.0377543686,-0.0374311096
40,0.0003398153,-0.0377709248,-0.0374311095
41,0.0003567997,-0.0377879091,-0.0374311094
42,0.0003742138,-0.0378053231,-0.0374311093
43,0.0003920589,-0.0378231681,-0.0374311092
44,0.0004103367,-0.0378414458,-0.0374311091
45,0.0004290487,-0.0378601577,-0.0374311090
46,0.0004481964,-0.0378793054,-0.0374311089
47,0.0004677817,-0.0378988905,-0.0374311088
48,0.0004878061,-0.0379189148,-0.0374311087
49,0.0005082714,-0.0379393800,-0.0374311086
50,0.0005291793,-0.0379602878,-0.0374311085
51,0.0005505318,-0.0379816401,-0.0374311084
52,0.0005723305,-0.0380034388,-0.0374311082
53,0.0005945776,-0.0380256857,-0.0374311081
54,0.0006172748,-0.0380483828,-0.0374311080
55,0.0006404242,-0.0380715320,-0.0374311079
56,0.0006640278,-0.0380951355,-0.0374311077
57,0.0006880877,-0.0381191953,-0.0374311076
58,0.0007126060,-0.0381437135,-0.0374311075
59,0.0007375850,-0.0381686923,-0.0374311073
60,0.0007630267,-0.0381941339,-0.0374311072
61,0.0007889335,-0.0382200406,-0.0374311070
62,0.0008153077,-0.0382464146,-0.0374311069
63,0.0008421517,-0.0382732584,-0.0374311067
64,0.0008694678,-0.0383005744,-0.0374311066
65,0.0008972585,-0.0383283649,-0.0374311064
66,0.0009255263,-0.0383566326,-0.0374311063
67,0.0009542738,-0.0383853799,-0.0374311061
68,0.0009835036,-0.0384146095,-0.0374311059
69,0.0010132182,-0.0384443240,-0.0374311058
70,0.0010434206,-0.0384745262,-0.0374311056
71,0.0010741133,-0.0385052187,-0.0374311054
72,0.0011052992,-0.0385364044,-0.0374311052
73,0.0011369812,-0.0385680863,-0.0374311050
74,0.0011691622,-0.0386002671,-0.0374311049
75,0.0012018452,-0.0386329499,-0.0374311047
76,0.0012350332,-0.0386661377,-0.0374311045
77,0.0012687294,-0.0386998336,-0.0374311043
78,0.0013029367,-0.0387340408,-0.0374311041
79,0.0013376586,-0.0387687624,-0.0374311039
80,0.0013728981,-0.0388040017,-0.0374311037
81,0.0014086587,-0.0388397621,-0.0374311034
82,0.0014449437,-0.0388760469,-0.0374311032
83,0.0014817566,-0.0389128596,-0.0374311030
84,0.0015191009,-0.0389502037,-0.0374311028
85,0.0015569801,-0.0389880827,-0.0374311025
86,0.0015953979,-0.0390265002,-0.0374311023
87,0.0016343581,-0.0390654601,-0.0374311021
88,0.0016738642,-0.0391049661,-0.0374311018
89,0.0017139203,-0.0391450219,-0.0374311016
90,0.0017545302,-0.0391856315,-0.0374311013
91,0.0017956978,-0.0392267988,-0.0374311011
92,0.0018374272,-0.0392685280,-0.0374311008
93,0.0018797225,-0.0393108231,-0.0374311005
94,0.0019225879,-0.0393536882,-0.0374311003
95,0.0019660277,-0.0393971277,-0.0374311000
96,0.0020100461,-0.0394411458,-0.0374310997
97,0.0020546476,-0.0394857471,-0.0374310994
98,0.0020998367,-0.0395309359,-0.0374310991
99,0.0021456179,-0.0395767167,-0.0374310988
100,0.0021919959,-0.0396230944,-0.0374310985
101,0.0022389753,-0.0396700735,-0.0374310982
102,0.0022865610,-0.0397176589,-0.0374310979
103,0.0023347578,-0.0397658554,-0.0374310976
104,0.0023835708,-0.0398146680,-0.0374310973
105,0.0024330049,-0.0398641018,-0.0374310970
106,0.0024830653,-0.0399141619,-0.0374310966
107,0.0025337573,-0.0399648535,-0.0374310963
108,0.0025850861,-0.0400161820,-0.0374310959
109,0.0026370571,-0.0400681527,-0.0374310956
110,0.0026896759,-0.0401207711,-0.0374310952
111,0.0027429481,-0.0401740429,-0.0374310949
112,0.0027968792,-0.0402279737,-0.0374310945
113,0.0028514752,-0.0402825693,-0.0374310941
114,0.0029067419,-0.0403378357,-0.0374310937
115,0.0029626853,-0.0403937787,-0.0374310933
116,0.0030193115,-0.0404504044,-0.0374310929
117,0.0030766266,-0.0405077191,-0.0374310925
118,0.0031346370,-0.0405657291,-0.0374310921
119,0.0031933491,-0.0406244408,-0.0374310917
120,0.0032527694,-0.0406838606,-0.0374310913
121,0.0033129045,-0.0407439953,-0.0374310909
122,0.0033737611,-0.0408048515,-0.0374310904
123,0.0034353462,-0.0408664362,-0.0374310900
124,0.0034976667,-0.0409287562,-0.0374310895
125,0.0035607297,-0.0409918187,-0.0374310890
126,0.0036245424,-0.0410556309,-0.0374310886
127,0.0036891121,-0.0411202002,-0.0374310881
128,0.0037544464,-0.0411855340,-0.0374310876
129,0.0038205529,-0.0412516400,-0.0374310871
130,0.0038874392,-0.0413185258,-0.0374310866
131,0.0039551132,-0.0413861993,-0.0374310861
132,0.0040235830,-0.0414546685,-0.0374310855
133,0.0040928566,-0.0415239416,-0.0374310850
134,0.0041629424,-0.0415940269,-0.0374310845
135,0.0042338488,-0.0416649328,-0.0374310839
136,0.0043055844,-0.0417366678,-0.0374310833
137,0.0043781579,-0.0418092406,-0.0374310828
138,0.0044515781,-0.0418826603,-0.0374310822
139,0.0045258542,-0.0419569357,-0.0374310816
140,0.0046009952,-0.0420320762,-0.0374310810
141,0.0046770106,-0.0421080910,-0.0374310804
142,0.0047539099,-0.0421849897,-0.0374310797
143,0.0048317028,-0.0422627819,-0.0374310791
144,0.0049103991,-0.0423414776,-0.0374310785
145,0.0049900089,-0.0424210867,-0.0374310778
146,0.0050705424,-0.0425016195,-0.0374310771
147,0.0051520100,-0.0425830864,-0.0374310764
148,0.0052344223,-0.0426654980,-0.0374310757
149,0.0053177901,-0.0427488651,-0.0374310750
150,0.0054021243,-0.0428331986,-0.0374310743
151,0.0054874361,-0.0429185097,-0.0374310735
152,0.0055737370,-0.0430048098,-0.0374310728
153,0.0056610384,-0.0430921104,-0.0374310720
154,0.0057493521,-0.0431804234,-0.0374310712
155,0.0058386903,-0.0432697607,-0.0374310704
156,0.0059290650,-0.0433601346,-0.0374310696
157,0.0060204888,-0.0434515576,-0.0374310688
158,0.0061129743,-0.0435440422,-0.0374310680
159,0.0062065344,-0.0436376015,-0.0374310671
160,0.0063011824,-0.0437322486,-0.0374310662
161,0.0063969316,-0.0438279969,-0.0374310653
162,0.0064937956,-0.0439248600,-0.0374310644
163,0.0065917883,-0.0440228518,-0.0374310635
164,0.0066909240,-0.0441219866,-0.0374310626
165,0.0067912171,-0.0442222787,-0.0374310616
166,0.0068926822,-0.0443237428,-0.0374310606
167,0.0069953343,-0.0444263939,-0.0374310596
168,0.0070991887,-0.0445302473,-0.0374310586
169,0.0072042611,-0.0446353186,-0.0374310575
170,0.0073105671,-0.0447416236,-0.0374310565
171,0.0074181230,-0.0448491784,-0.0374310554
172,0.0075269453,-0.0449579996,-0.0374310543
173,0.0076370507,-0.0450681039,-0.0374310532
174,0.0077484564,-0.0451795084,-0.0374310520
175,0.0078611798,-0.0452922307,-0.0374310509
176,0.0079752387,-0.0454062884,-0.0374310497
177,0.0080906512,-0.0455216997,-0.0374310485
178,0.0082074359,-0.0456384831,-0.0374310472
179,0.0083256116,-0.0457566576,-0.0374310459
180,0.0084451976,-0.0458762422,-0.0374310446
181,0.0085662133,-0.0459972567,-0.0374310433
182,0.0086886790,-0.0461197210,-0.0374310420
183,0.0088126150,-0.0462436556,-0.0374310406
184,0.0089380420,-0.0463690812,-0.0374310392
185,0.0090649814,-0.0464960192,-0.0374310378
186,0.0091934548,-0.0466244911,-0.0374310363
187,0.0093234844,-0.0467545192,-0.0374310348
188,0.0094550927,-0.0468861260,-0.0374310333
189,0.0095883027,-0.0470193345,-0.0374310317
190,0.0097231380,-0.0471541682,-0.0374310301
191,0.0098596226,-0.0472906511,-0.0374310285
192,0.0099977809,-0.0474288077,-0.0374310269
193,0.0101376379,-0.0475686631,-0.0374310252
194,0.0102792192,-0.0477102427,-0.0374310234
195,0.0104225509,-0.0478535726,-0.0374310217
196,0.0105676596,-0.0479986795,-0.0374310199
197,0.0107145724,-0.0481455904,-0.0374310180
198,0.0108633171,-0.0482943333,-0.0374310161
199,0.0110139221,-0.0484449364,-0.0374310142
200,0.0111664164,-0.0485974287,-0.0374310123
201,0.0113208295,-0.0487518398,-0.0374310102
202,0.0114771917,-0.0489081999,-0.0374310082
203,0.0116355339,-0.0490665400,-0.0374310061
204,0.0117958877,-0.0492268916,-0.0374310039
205,0.0119582853,-0.0493892870,-0.0374310017
206,0.0121227597,-0.0495537592,-0.0374309995
207,0.0122893447,-0.0497203418,-0.0374309972
208,0.0124580746,-0.0498890695,-0.0374309948
209,0.0126289848,-0.0500599773,-0.0374309924
210,0.0128021114,-0.0502331013,-0.0374309900
211,0.0129774910,-0.0504084785,-0.0374309874
212,0.0131551615,-0.0505861464,-0.0374309849
213,0.0133351614,-0.0507661436,-0.0374309822
214,0.0135175301,-0.0509485096,-0.0374309795
215,0.0137023080,-0.0511332847,-0.0374309768
216,0.0138895363,-0.0513205103,-0.0374309739
217,0.0140792574,-0.0515102284,-0.0374309710
218,0.0142715144,-0.0517024824,-0.0374309681
219,0.0144663516,-0.0518973166,-0.0374309650
220,0.0146638143,-0.0520947762,-0.0374309619
221,0.0148639488,-0.0522949076,-0.0374309587
222,0.0150668028,-0.0524977583,-0.0374309555
223,0.0152724247,-0.0527033769,-0.0374309521
224,0.0154808645,-0.0529118132,-0.0374309487
225,0.0156921731,-0.0531231183,-0.0374309452
226,0.0159064027,-0.0533373443,-0.0374309416
227,0.0161236069,-0.0535545448,-0.0374309379
228,0.0163438406,-0.0537747748,-0.0374309341
229,0.0165671600,-0.0539980903,-0.0374309302
230,0.0167936227,-0.0542245490,-0.0374309263
231,0.0170232878,-0.0544542100,-0.0374309222
232,0.0172562158,-0.0546871338,-0.0374309180
233,0.0174924688,-0.0549233825,-0.0374309137
234,0.0177321105,-0.0551630198,-0.0374309093
235,0.0179752062,-0.0554061110,-0.0374309048
236,0.0182218229,-0.0556527230,-0.0374309001
237,0.0184720292,-0.0559029246,-0.0374308954
238,0.0187258958,-0.0561567862,-0.0374308905
239,0.0189834949,-0.0564143803,-0.0374308855
240,0.0192449008,-0.0566757811,-0.0374308803
241,0.0195101897,-0.0569410647,-0.0374308750
242,0.0197794399,-0.0572103095,-0.0374308696
243,0.0200527319,-0.0574835958,-0.0374308640
244,0.0203301480,-0.0577610062,-0.0374308582
245,0.0206117730,-0.0580426254,-0.0374308523
246,0.0208976941,-0.0583285404,-0.0374308463
247,0.0211880007,-0.0586188408,-0.0374308400
248,0.0214827848,-0.0589136184,-0.0374308336
249,0.0217821408,-0.0592129678,-0.0374308270
250,0.0220861659,-0.0595169861,-0.0374308203
251,0.0223949599,-0.0598257732,-0.0374308133
252,0.0227086256,-0.0601394317,-0.0374308061
253,0.0230272685,-0.0604580672,-0.0374307987
254,0.0233509974,-0.0607817885,-0.0374307911
255,0.0236799239,-0.0611107072,-0.0374307833
256,0.0240141631,-0.0614449383,-0.0374307752
257,0.0243538334,-0.0617846003,-0.0374307669
258,0.0246990566,-0.0621298150,-0.0374307584
259,0.0250499583,-0.0624807078,-0.0374307496
260,0.0254066675,-0.0628374080,-0.0374307405
261,0.0257693173,-0.0632000485,-0.0374307312
262,0.0261380449,-0.0635687665,-0.0374307215
263,0.0265129915,-0.0639437031,-0.0374307116
264,0.0268943026,-0.0643250040,-0.0374307014
265,0.0272821283,-0.0647128191,-0.0374306908
266,0.0276766232,-0.0651073031,-0.0374306799
267,0.0280779469,-0.0655086156,-0.0374306687
268,0.0284862638,-0.0659169209,-0.0374306571
269,0.0289017438,-0.0663323889,-0.0374306451
270,0.0293245618,-0.0667551945,-0.0374306327
271,0.0297548986,-0.0671855186,-0.0374306200
272,0.0301929408,-0.0676235476,-0.0374306068
273,0.0306388811,-0.0680694743,-0.0374305932
274,0.0310929183,-0.0685234974,-0.0374305791
275,0.0315552580,-0.0689858225,-0.0374305645
276,0.0320261124,-0.0694566619,-0.0374305495
277,0.0325057011,-0.0699362350,-0.0374305340
278,0.0329942507,-0.0704247686,-0.0374305179
279,0.0334919960,-0.0709224972,-0.0374305012
280,0.0339991793,-0.0714296633,-0.0374304840
281,0.0345160516,-0.0719465178,-0.0374304662
282,0.0350428725,-0.0724733202,-0.0374304477
283,0.0355799107,-0.0730103393,-0.0374304286
284,0.0361274444,-0.0735578532,-0.0374304088
285,0.0366857616,-0.0741161499,-0.0374303883
286,0.0372551608,-0.0746855278,-0.0374303670
287,0.0378359509,-0.0752662959,-0.0374303450
288,0.0384284524,-0.0758587746,-0.0374303222
289,0.0390329974,-0.0764632959,-0.0374302984
290,0.0396499303,-0.0770802042,-0.0374302738
291,0.0402796083,-0.0777098567,-0.0374302483
292,0.0409224020,-0.0783526239,-0.0374302218
293,0.0415786961,-0.0790088904,-0.0374301943
294,0.0422488899,-0.0796790556,-0.0374301657
295,0.0429333981,-0.0803635341,-0.0374301360
296,0.0436326516,-0.0810627567,-0.0374301051
297,0.0443470978,-0.0817771708,-0.0374300730
298,0.0450772023,-0.0825072419,-0.0374300396
299,0.0458234489,-0.0832534537,-0.0374300049
300,0.0465863408,-0.0840163095,-0.0374299687
301,0.0473664016,-0.0847963327,-0.0374299310
302,0.0481641766,-0.0855940684,-0.0374298918
303,0.0489802331,-0.0864100841,-0.0374298510
304,0.0498151624,-0.0872449708,-0.0374298084
305,0.0506695804,-0.0880993444,-0.0374297640
306,0.0515441291,-0.0889738468,-0.0374297177
307,0.0524394780,-0.0898691474,-0.0374296693
308,0.0533563255,-0.0907859444,-0.0374296189
309,0.0542954002,-0.0917249664,-0.0374295662
310,0.0552574630,-0.0926869742,-0.0374295112
311,0.0562433084,-0.0936727621,-0.0374294537
312,0.0572537665,-0.0946831600,-0.0374293936
313,0.0582897049,-0.0957190356,-0.0374293307
314,0.0593520308,-0.0967812957,-0.0374292649
315,0.0604416935,-0.0978708895,-0.0374291960
316,0.0615596861,-0.0989888100,-0.0374291239
317,0.0627070486,-0.1001360969,-0.0374290483
318,0.0638848705,-0.1013138396,-0.0374289691
319,0.0650942933,-0.1025231794,-0.0374288860
320,0.0663365142,-0.1037653131,-0.0374287989
321,0.0676127888,-0.1050414961,-0.0374287073
322,0.0689244348,-0.1063530460,-0.0374286112
323,0.0702728360,-0.1077013463,-0.0374285103
324,0.0716594461,-0.1090878502,-0.0374284041
325,0.0730857929,-0.1105140854,-0.0374282924
326,0.0745534834,-0.1119816583,-0.0374281749
327,0.0760642084,-0.1134922595,-0.0374280512
328,0.0776197477,-0.1150476685,-0.0374279208
329,0.0792219766,-0.1166497599,-0.0374277833
330,0.0808728711,-0.1183005095,-0.0374276383
331,0.0825745157,-0.1200020010,-0.0374274853
332,0.0843291094,-0.1217564332,-0.0374273237
333,0.0861389745,-0.1235661275,-0.0374271530
334,0.0880065644,-0.1254335368,-0.0374269724
335,0.0899344728,-0.1273612542,-0.0374267814
336,0.0919254435,-0.1293520226,-0.0374265792
337,0.0939823810,-0.1314087459,-0.0374263649
338,0.0961083622,-0.1335345000,-0.0374261378
339,0.0983066484,-0.1357325452,-0.0374258968
340,0.1005806991,-0.1380063401,-0.0374256409
341,0.1029341868,-0.1403595559,-0.0374253691
342,0.1053710125,-0.1427960926,-0.0374250801
343,0.1078953236,-0.1453200962,-0.0374247726
344,0.1105115323,-0.1479359775,-0.0374244452
345,0.1132243367,-0.1506484329,-0.0374240963
346,0.1160387426,-0.1534624668,-0.0374237241
347,0.1189600890,-0.1563834159,-0.0374233269
348,0.1219940739,-0.1594169765,-0.0374229026
349,0.1251467844,-0.1625692332,-0.0374224489
350,0.1284247286,-0.1658466919,-0.0374219633
351,0.1318348710,-0.1692563142,-0.0374214433
352,0.1353846709,-0.1728055566,-0.0374208857
353,0.1390821254,-0.1765024129,-0.0374202875
354,0.1429358159,-0.1803554608,-0.0374196449
355,0.1469549596,-0.1843739137,-0.0374189541
356,0.1511494664,-0.1885676770,-0.0374182107
357,0.1555300012,-0.1929474110,-0.0374174099
358,0.1601080535,-0.1975245998,-0.0374165464
359,0.1648960134,-0.2023116277,-0.0374156143
360,0.1699072562,-0.2073218635,-0.0374146073
361,0.1751562359,-0.2125697540,-0.0374135181
362,0.1806585888,-0.2180709276,-0.0374123388
363,0.1864312484,-0.2238423090,-0.0374110606
364,0.1924925727,-0.2299022465,-0.0374096738
365,0.1988624857,-0.2362706532,-0.0374081675
366,0.2055626341,-0.2429691640,-0.0374065299
367,0.2126165619,-0.2500213095,-0.0374047476
368,0.2200499035,-0.2574527094,-0.0374028059
369,0.2278905983,-0.2652912870,-0.0374006887
370,0.2361691290,-0.2735675069,-0.0373983780
371,0.2449187846,-0.2823146386,-0.0373958540
372,0.2541759520,-0.2915690470,-0.0373930950
373,0.2639804366,-0.3013705141,-0.0373900774
374,0.2743758150,-0.3117625905,-0.0373867755
375,0.2854098195,-0.3227929809,-0.0373831614
376,0.2971347559,-0.3345139617,-0.0373792057
377,0.3096079515,-0.3469828292,-0.0373748777
378,0.3228922298,-0.3602623756,-0.0373701457
379,0.3370564031,-0.3744213822,-0.0373649791
380,0.3521757685,-0.3895351179,-0.0373593494
381,0.3683325833,-0.4056858170,-0.0373532337
382,0.3856164840,-0.4229631029,-0.0373466189
383,0.4041247902,-0.4414642985,-0.0373395083
384,0.4239626100,-0.4612945417,-0.0373319317
385,0.4452426179,-0.4825665771,-0.0373239592
386,0.4680843165,-0.5054000395,-0.0373157229
387,0.4926125025,-0.5299199504,-0.0373074479
388,0.5189545254,-0.5562540227,-0.0372994973
389,0.5472357362,-0.5845281759,-0.0372924397
390,0.5775722430,-0.6148593884,-0.0372871454
391,0.6100596829,-0.6473446115,-0.0372849286
392,0.6447561357,-0.6820438881,-0.0372877524
393,0.6816564689,-0.7189549933,-0.0372985244
394,0.7206542368,-0.7579757538,-0.0373215170
395,0.7614856821,-0.7988486326,-0.0373629505
396,0.8036483769,-0.8410801533,-0.0374317764
397,0.8462847833,-0.8838254404,-0.0375406571
398,0.8880191758,-0.9257262104,-0.0377070346
399,0.9267368363,-0.9646907416,-0.0379539053
400,0.9593015618,-0.9976108858,-0.0383093240
401,0.9812304890,-1.0200329777,-0.0388024888
402,0.9864010579,-1.0258533747,-0.0394523168
403,0.9669796946,-1.0072218219,-0.0402421273
404,0.9139595946,-0.9550338315,-0.0410742368
405,0.8189485206,-0.8606579617,-0.0417094411
406,0.6779510263,-0.7196847492,-0.0417337229
407,0.4972834765,-0.5379439984,-0.0406605219
408,0.2996612343,-0.3379555704,-0.0382943361
409,0.1251700232,-0.1604189992,-0.0352489759
410,0.0208673237,-0.0538814347,-0.0330141110
411,0.0197282425,-0.0527152835,-0.0329870410
412,0.1221462968,-0.1573322606,-0.0351859638
413,0.2956972502,-0.3339289655,-0.0382317152
414,0.4933825796,-0.5340052769,-0.0406226973
415,0.6748082795,-0.7165320208,-0.0417237413
416,0.8168633275,-0.8585815119,-0.0417181843
417,0.9129352873,-0.9540264831,-0.0410911958
418,0.9668658638,-1.0071260566,-0.0402601928
419,0.9870006484,-1.0264686900,-0.0394680417
420,0.9823579654,-1.0211727885,-0.0388148231
421,0.9608055488,-0.9991239567,-0.0383184079
422,0.9285034451,-0.9664637616,-0.0379603165
423,0.8899671504,-0.9276785650,-0.0377114146
424,0.8483584153,-0.8859019789,-0.0375435637
425,0.8058108036,-0.8432444490,-0.0374336454
426,0.7637134322,-0.8010775364,-0.0373641042
427,0.7229331108,-0.7602552962,-0.0373221855
428,0.6839785560,-0.7212774248,-0.0372988688
429,0.6471177121,-0.6844055958,-0.0372878838
430,0.6124597545,-0.6497446775,-0.0372849230
431,0.5800115496,-0.6172986040,-0.0372870544
432,0.5497160775,-0.5870083753,-0.0372922978
433,0.5214783094,-0.5587776370,-0.0372993276
434,0.4951824469,-0.5324897124,-0.0373072655
435,0.4707032539,-0.5080187917,-0.0373155378
436,0.4479133719,-0.4852371493,-0.0373237774
437,0.4266879189,-0.4640196760,-0.0373317570
438,0.4069072623,-0.4442466051,-0.0373393429
439,0.3884585739,-0.4258050430,-0.0373464691
440,0.3712365824,-0.4085896768,-0.0373530944
441,0.3551438042,-0.3925030248,-0.0373592206
442,0.3400904438,-0.3774553041,-0.0373648603
443,0.3259940926,-0.3633641290,-0.0373700364
444,0.3127793122,-0.3501540893,-0.0373747771
445,0.3003771595,-0.3377562728,-0.0373791133
446,0.2887246910,-0.3261077673,-0.0373830764
447,0.2777644698,-0.3151511670,-0.0373866972
448,0.2674440907,-0.3048340961,-0.0373900054
449,0.2577157311,-0.2951087597,-0.0373930286
450,0.2485357332,-0.2859315257,-0.0373957926
451,0.2398642178,-0.2772625390,-0.0373983211
452,0.2316647321,-0.2690653680,-0.0374006360
453,0.2239039272,-0.2613066841,-0.0374027569
454,0.2165512671,-0.2539559690,-0.0374047019
455,0.2095787640,-0.2469852512,-0.0374064872
456,0.2029607403,-0.2403688679,-0.0374081275
457,0.1966736133,-0.2340832495,-0.0374096362
458,0.1906957013,-0.2281067266,-0.0374110252
459,0.1850070492,-0.2224193545,-0.0374123054
460,0.1795892708,-0.2170027572,-0.0374134864
461,0.1744254076,-0.2118399848,-0.0374145772
462,0.1694998008,-0.2069153865,-0.0374155857
463,0.1647979764,-0.2022144953,-0.0374165189
464,0.1603065410,-0.1977239246,-0.0374173835
465,0.1560130887,-0.1934312741,-0.0374181854
466,0.1519061158,-0.1893250454,-0.0374189297
467,0.1479749445,-0.1853945658,-0.0374196213
468,0.1442096540,-0.1816299185,-0.0374202645
469,0.1406010170,-0.1780218805,-0.0374208634
470,0.1371404437,-0.1745618652,-0.0374214215
471,0.1338199292,-0.1712418713,-0.0374219420
472,0.1306320077,-0.1680544357,-0.0374224280
473,0.1275697091,-0.1649925911,-0.0374228820
474,0.1246265203,-0.1620498270,-0.0374233067
475,0.1217963503,-0.1592200545,-0.0374237042
476,0.1190734975,-0.1564975740,-0.0374240765
477,0.1164526204,-0.1538770460,-0.0374244256
478,0.1139287108,-0.1513534640,-0.0374247531
479,0.1114970692,-0.1489221300,-0.0374250607
480,0.1091532822,-0.1465786320,-0.0374253498
481,0.1068932018,-0.1443188234,-0.0374256216
482,0.1047129266,-0.1421388041,-0.0374258775
483,0.1026087845,-0.1400349030,-0.0374261184
484,0.1005773165,-0.1380036621,-0.0374263455
485,0.0986152622,-0.1360418219,-0.0374265597
486,0.0967195458,-0.1341463077,-0.0374267619
487,0.0948872646,-0.1323142173,-0.0374269528
488,0.0931156763,-0.1305428095,-0.0374271332
489,0.0914021895,-0.1288294933,-0.0374273038
490,0.0897443529,-0.1271718181,-0.0374274652
491,0.0881398470,-0.1255674651,-0.0374276181
492,0.0865864753,-0.1240142382,-0.0374277628
493,0.0850821566,-0.1225100567,-0.0374279001
494,0.0836249178,-0.1210529481,-0.0374280303
495,0.0822128872,-0.1196410410,-0.0374281538
496,0.0808442884,-0.1182725594,-0.0374282710
497,0.0795174343,-0.1169458168,-0.0374283825
498,0.0782307219,-0.1156592103,-0.0374284884
499,0.0769826275,-0.1144112165,-0.0374285891
500,0.0757717014,-0.1132003862,-0.0374286849
501,0.0745965643,-0.1120253404,-0.0374287761
502,0.0734559030,-0.1108847659,-0.0374288629
503,0.0723484663,-0.1097774120,-0.0374289457
504,0.0712730621,-0.1087020867,-0.0374290246
505,0.0702285535,-0.1076576533,-0.0374290998
506,0.0692138562,-0.1066430278,-0.0374291716
507,0.0682279353,-0.1056571754,-0.0374292401
508,0.0672698027,-0.1046991083,-0.0374293056
509,0.0663385149,-0.1037678830,-0.0374293681
510,0.0654331699,-0.1028625978,-0.0374294278
511,0.0645529059,-0.1019823908,-0.0374294849
512,0.0636968983,-0.1011264379,-0.0374295396
513,0.0628643585,-0.1002939503,-0.0374295918
514,0.0620545317,-0.0994841735,-0.0374296419
515,0.0612666951,-0.0986963849,-0.0374296898
516,0.0605001566,-0.0979298923,-0.0374297357
517,0.0597542530,-0.0971840326,-0.0374297797
518,0.0590283485,-0.0964581703,-0.0374298218
519,0.0583218338,-0.0957516961,-0.0374298622
520,0.0576341243,-0.0950640253,-0.0374299010
521,0.0569646591,-0.0943945973,-0.0374299382
522,0.0563129000,-0.0937428739,-0.0374299739
523,0.0556783302,-0.0931083383,-0.0374300082
524,0.0550604534,-0.0924904945,-0.0374300411
525,0.0544587929,-0.0918888656,-0.0374300727
526,0.0538728906,-0.0913029937,-0.0374301031
527,0.0533023062,-0.0907324385,-0.0374301323
528,0.0527466164,-0.0901767767,-0.0374301604
529,0.0522054139,-0.0896356013,-0.0374301874
530,0.0516783072,-0.0891085205,-0.0374302133
531,0.0511649193,-0.0885951576,-0.0374302383
532,0.0506648876,-0.0880951499,-0.0374302624
533,0.0501778627,-0.0876081483,-0.0374302855
534,0.0497035086,-0.0871338164,-0.0374303078
535,0.0492415013,-0.0866718306,-0.0374303293
536,0.0487915288,-0.0862218788,-0.0374303500
537,0.0483532904,-0.0857836604,-0.0374303699
538,0.0479264965,-0.0853568856,-0.0374303891
539,0.0475108677,-0.0849412753,-0.0374304076
540,0.0471061346,-0.0845365601,-0.0374304255
541,0.0467120376,-0.0841424803,-0.0374304427
542,0.0463283262,-0.0837587855,-0.0374304593
543,0.0459547587,-0.0833852340,-0.0374304753
544,0.0455911020,-0.0830215927,-0.0374304907
545,0.0452371310,-0.0826676366,-0.0374305056
546,0.0448926285,-0.0823231485,-0.0374305200
547,0.0445573850,-0.0819879188,-0.0374305339
548,0.0442311980,-0.0816617452,-0.0374305473
549,0.0439138721,-0.0813444323,-0.0374305602
550,0.0436052186,-0.0810357912,-0.0374305727
551,0.0433050552,-0.0807356399,-0.0374305847
552,0.0430132059,-0.0804438023,-0.0374305963
553,0.0427295007,-0.0801601083,-0.0374306076
554,0.0424537752,-0.0798843936,-0.0374306184
555,0.0421858707,-0.0796164996,-0.0374306289
556,0.0419256338,-0.0793562729,-0.0374306390
557,0.0416729165,-0.0791035653,-0.0374306488
558,0.0414275754,-0.0788582337,-0.0374306583
559,0.0411894722,-0.0786201396,-0.0374306674
560,0.0409584732,-0.0783891494,-0.0374306762
561,0.0407344491,-0.0781651338,-0.0374306847
562,0.0405172751,-0.0779479680,-0.0374306929
563,0.0403068305,-0.0777375313,-0.0374307009
564,0.0401029985,-0.0775337071,-0.0374307085
565,0.0399056666,-0.0773363826,-0.0374307160
566,0.0397147259,-0.0771454490,-0.0374307231
567,0.0395300710,-0.0769608010,-0.0374307300
568,0.0393516003,-0.0767823370,-0.0374307367
569,0.0391792156,-0.0766099588,-0.0374307431
570,0.0390128221,-0.0764435714,-0.0374307494
571,0.0388523280,-0.0762830834,-0.0374307554
572,0.0386976450,-0.0761284061,-0.0374307612
573,0.0385486875,-0.0759794542,-0.0374307667
574,0.0384053731,-0.0758361452,-0.0374307721
575,0.0382676222,-0.0756983995,-0.0374307773
576,0.0381353579,-0.0755661402,-0.0374307824
577,0.0380085062,-0.0754392934,-0.0374307872
578,0.0378869956,-0.0753177874,-0.0374307918
579,0.0377707572,-0.0752015535,-0.0374307963
580,0.0376597246,-0.0750905252,-0.0374308006
581,0.0375538338,-0.0749846386,-0.0374308048
582,0.0374530233,-0.0748838321,-0.0374308088
583,0.0373572337,-0.0747880463,-0.0374308126
584,0.0372664080,-0.0746972243,-0.0374308163
585,0.0371804914,-0.0746113112,-0.0374308198
586,0.0370994310,-0.0745302543,-0.0374308232
587,0.0370231764,-0.0744540029,-0.0374308265
588,0.0369516788,-0.0743825084,-0.0374308296
589,0.0368848918,-0.0743157244,-0.0374308326
590,0.0368227706,-0.0742536061,-0.0374308355
591,0.0367652726,-0.0741961108,-0.0374308382
592,0.0367123568,-0.0741431976,-0.0374308408
593,0.0366639843,-0.0740948276,-0.0374308433
594,0.0366201178,-0.0740509634,-0.0374308456
595,0.0365807217,-0.0740115696,-0.0374308479
596,0.0365457623,-0.0739766123,-0.0374308500
597,0.0365152076,-0.0739460596,-0.0374308520
598,0.0364890271,-0.0739198810,-0.0374308539
599,0.0364671920,-0.0738980477,-0.0374308557
600,0.0364496752,-0.0738805325,-0.0374308574
601,0.0364364510,-0.0738673099,-0.0374308589
602,0.0364274954,-0.0738583558,-0.0374308604
603,0.0364227859,-0.0738536477,-0.0374308618
604,0.0364223015,-0.0738531645,-0.0374308630
605,0.0364260227,-0.0738568869,-0.0374308642
606,0.0364339314,-0.0738647967,-0.0374308653
607,0.0364460111,-0.0738768773,-0.0374308662
608,0.0364622467,-0.0738931137,-0.0374308671
609,0.0364826243,-0.0739134921,-0.0374308678
610,0.0365071317,-0.0739380002,-0.0374308685
611,0.0365357580,-0.0739666271,-0.0374308691
612,0.0365684937,-0.0739993632,-0.0374308696
613,0.0366053305,-0.0740362005,-0.0374308700
614,0.0366462617,-0.0740771320,-0.0374308703
615,0.0366912819,-0.0741221524,-0.0374308705
616,0.0367403870,-0.0741712575,-0.0374308706
617,0.0367935742,-0.0742244447,-0.0374308706
618,0.0368508420,-0.0742817125,-0.0374308705
619,0.0369121906,-0.0743430609,-0.0374308703
620,0.0369776209,-0.0744084910,-0.0374308701
621,0.0370471358,-0.0744780055,-0.0374308697
622,0.0371207390,-0.0745516083,-0.0374308693
623,0.0371984358,-0.0746293045,-0.0374308688
624,0.0372802327,-0.0747111008,-0.0374308681
625,0.0373661376,-0.0747970050,-0.0374308674
626,0.0374561598,-0.0748870264,-0.0374308666
627,0.0375503097,-0.0749811754,-0.0374308657
628,0.0376485993,-0.0750794640,-0.0374308647
629,0.0377510418,-0.0751819054,-0.0374308637
630,0.0378576517,-0.0752885142,-0.0374308625
631,0.0379684451,-0.0753993063,-0.0374308612
632,0.0380834391,-0.0755142990,-0.0374308598
633,0.0382026527,-0.0756335110,-0.0374308584
634,0.0383261057,-0.0757569625,-0.0374308568
635,0.0384538196,-0.0758846748,-0.0374308551
636,0.0385858175,-0.0760166709,-0.0374308534
637,0.0387221236,-0.0761529751,-0.0374308515
638,0.0388627637,-0.0762936133,-0.0374308496
639,0.0390077650,-0.0764386126,-0.0374308475
640,0.0391571563,-0.0765880017,-0.0374308454
641,0.0393109678,-0.0767418109,-0.0374308431
642,0.0394692312,-0.0769000719,-0.0374308407
643,0.0396319799,-0.0770628181,-0.0374308382
644,0.0397992486,-0.0772300842,-0.0374308356
645,0.0399710738,-0.0774019067,-0.0374308329
646,0.0401474936,-0.0775783237,-0.0374308301
647,0.0403285476,-0.0777593748,-0.0374308272
648,0.0405142773,-0.0779451014,-0.0374308241
649,0.0407047257,-0.0781355466,-0.0374308209
650,0.0408999376,-0.0783307552,-0.0374308176
651,0.0410999596,-0.0785307738,-0.0374308142
652,0.0413048400,-0.0787356507,-0.0374308107
653,0.0415146291,-0.0789454361,-0.0374308070
654,0.0417293789,-0.0791601821,-0.0374308032
655,0.0419491434,-0.0793799427,-0.0374307992
656,0.0421739786,-0.0796047738,-0.0374307951
657,0.0424039425,-0.0798347334,-0.0374307909
658,0.0426390949,-0.0800698814,-0.0374307865
659,0.0428794980,-0.0803102800,-0.0374307820
660,0.0431252161,-0.0805559934,-0.0374307773
661,0.0433763154,-0.0808070879,-0.0374307725
662,0.0436328648,-0.0810636323,-0.0374307675
663,0.0438949351,-0.0813256975,-0.0374307623
664,0.0441625998,-0.0815933568,-0.0374307570
665,0.0444359344,-0.0818666859,-0.0374307515
666,0.0447150174,-0.0821457632,-0.0374307458
667,0.0449999294,-0.0824306694,-0.0374307399
668,0.0452907539,-0.0827214878,-0.0374307339
669,0.0455875771,-0.0830183047,-0.0374307277
670,0.0458904877,-0.0833212089,-0.0374307212
671,0.0461995776,-0.0836302921,-0.0374307146
672,0.0465149413,-0.0839456490,-0.0374307077
673,0.0468366766,-0.0842673773,-0.0374307006
674,0.0471648843,-0.0845955776,-0.0374306933
675,0.0474996683,-0.0849303541,-0.0374306858
676,0.0478411360,-0.0852718140,-0.0374306780
677,0.0481893980,-0.0856200680,-0.0374306700
678,0.0485445685,-0.0859752302,-0.0374306618
679,0.0489067653,-0.0863374185,-0.0374306532
680,0.0492761099,-0.0867067544,-0.0374306444
681,0.0496527278,-0.0870833632,-0.0374306354
682,0.0500367482,-0.0874673742,-0.0374306260
683,0.0504283047,-0.0878589210,-0.0374306164
684,0.0508275348,-0.0882581412,-0.0374306064
685,0.0512345807,-0.0886651769,-0.0374305961
686,0.0516495891,-0.0890801746,-0.0374305855
687,0.0520727110,-0.0895032856,-0.0374305746
688,0.0525041028,-0.0899346661,-0.0374305633
689,0.0529439255,-0.0903744771,-0.0374305516
690,0.0533923455,-0.0908228851,-0.0374305396
691,0.0538495345,-0.0912800616,-0.0374305271
692,0.0543156697,-0.0917461841,-0.0374305143
693,0.0547909343,-0.0922214354,-0.0374305011
694,0.0552755173,-0.0927060047,-0.0374304874
695,0.0557696139,-0.0932000871,-0.0374304732
696,0.0562734257,-0.0937038843,-0.0374304586
697,0.0567871611,-0.0942176047,-0.0374304435
698,0.0573110355,-0.0947414634,-0.0374304280
699,0.0578452712,-0.0952756830,-0.0374304118
700,0.0583900981,-0.0958204933,-0.0374303952
701,0.0589457541,-0.0963761320,-0.0374303780
702,0.0595124848,-0.0969428449,-0.0374303601
703,0.0600905444,-0.0975208861,-0.0374303417
704,0.0606801958,-0.0981105185,-0.0374303227
705,0.0612817109,-0.0987120139,-0.0374303029
706,0.0618953711,-0.0993256537,-0.0374302825
707,0.0625214677,-0.0999517291,-0.0374302614
708,0.0631603021,-0.1005905416,-0.0374302395
709,0.0638121863,-0.1012424032,-0.0374302168
710,0.0644774438,-0.1019076371,-0.0374301934
711,0.0651564092,-0.1025865782,-0.0374301690
712,0.0658494295,-0.1032795734,-0.0374301438
713,0.0665568643,-0.1039869820,-0.0374301177
714,0.0672790863,-0.1047091769,-0.0374300906
715,0.0680164817,-0.1054465442,-0.0374300625
716,0.0687694516,-0.1061994849,-0.0374300334
717,0.0695384116,-0.1069684146,-0.0374300031
718,0.0703237931,-0.1077537648,-0.0374299717
719,0.0711260441,-0.1085559832,-0.0374299391
720,0.0719456295,-0.1093755347,-0.0374299052
721,0.0727830323,-0.1102129023,-0.0374298700
722,0.0736387542,-0.1110685876,-0.0374298334
723,0.0745133165,-0.1119431120,-0.0374297954
724,0.0754072614,-0.1128370173,-0.0374297559
725,0.0763211524,-0.1137508672,-0.0374297148
726,0.0772555758,-0.1146852478,-0.0374296720
727,0.0782111418,-0.1156407692,-0.0374296274
728,0.0791884852,-0.1166180662,-0.0374295810
729,0.0801882675,-0.1176178002,-0.0374295327
730,0.0812111772,-0.1186406596,-0.0374294823
731,0.0822579323,-0.1196873621,-0.0374294298
732,0.0833292807,-0.1207586558,-0.0374293751
733,0.0844260026,-0.1218553206,-0.0374293180
734,0.0855489120,-0.1229781704,-0.0374292584
735,0.0866988581,-0.1241280542,-0.0374291961
736,0.0878767276,-0.1253058587,-0.0374291311
737,0.0890834466,-0.1265125099,-0.0374290632
738,0.0903199829,-0.1277489752,-0.0374289922
739,0.0915873480,-0.1290162660,-0.0374289180
740,0.0928865998,-0.1303154400,-0.0374288403
741,0.0942188449,-0.1316476038,-0.0374287590
742,0.0955852418,-0.1330139156,-0.0374286738
743,0.0969870038,-0.1344155883,-0.0374285846
744,0.0984254016,-0.1358538927,-0.0374284911
745,0.0999017676,-0.1373301606,-0.0374283930
746,0.1014174989,-0.1388457889,-0.0374282901
747,0.1029740612,-0.1404022432,-0.0374281820
748,0.1045729935,-0.1420010620,-0.0374280685
749,0.1062159119,-0.1436438612,-0.0374279493
750,0.1079045150,-0.1453323389,-0.0374278239
751,0.1096405884,-0.1470682804,-0.0374276920
752,0.1114260109,-0.1488535641,-0.0374275531
753,0.1132627602,-0.1506901670,-0.0374274069
754,0.1151529189,-0.1525801716,-0.0374272528
755,0.1170986821,-0.1545257723,-0.0374270902
756,0.1191023644,-0.1565292831,-0.0374269188
757,0.1211664079,-0.1585931456,-0.0374267377
758,0.1232933911,-0.1607199376,-0.0374265465
759,0.1254860382,-0.1629123824,-0.0374263443
760,0.1277472289,-0.1651733593,-0.0374261304
761,0.1300800098,-0.1675059137,-0.0374259039
762,0.1324876059,-0.1699132700,-0.0374256641
763,0.1349734338,-0.1723988436,-0.0374254098
764,0.1375411153,-0.1749662553,-0.0374251400
765,0.1401944927,-0.1776193464,-0.0374248537
766,0.1429376453,-0.1803621948,-0.0374245494
767,0.1457749074,-0.1831991334,-0.0374242260
768,0.1487108877,-0.1861347694,-0.0374238817
769,0.1517504904,-0.1891740056,-0.0374235152
770,0.1548989389,-0.1923220634,-0.0374231245
771,0.1581618007,-0.1955845084,-0.0374227077
772,0.1615450155,-0.1989672782,-0.0374222627
773,0.1650549251,-0.2024767123,-0.0374217872
774,0.1686983073,-0.2061195860,-0.0374212787
775,0.1724824117,-0.2099031460,-0.0374207343
776,0.1764150003,-0.2138351514,-0.0374201510
777,0.1805043912,-0.2179239166,-0.0374195254
778,0.1847595069,-0.2221783608,-0.0374188538
779,0.1891899280,-0.2266080602,-0.0374181321
780,0.1938059516,-0.2312233075,-0.0374173558
781,0.1986186563,-0.2360351762,-0.0374165199
782,0.2036399737,-0.2410555926,-0.0374156189
783,0.2088827674,-0.2462974143,-0.0374146468
784,0.2143609212,-0.2517745180,-0.0374135968
785,0.2200894349,-0.2575018964,-0.0374124615
786,0.2260845330,-0.2634957656,-0.0374112325
787,0.2323637828,-0.2697736838,-0.0374099009
788,0.2389462273,-0.2763546838,-0.0374084565
789,0.2458525315,-0.2832594195,-0.0374068880
790,0.2531051453,-0.2905103283,-0.0374051830
791,0.2607284850,-0.2981318127,-0.0374033277
792,0.2687491335,-0.3061504403,-0.0374013068
793,0.2771960636,-0.3145951671,-0.0373991035
794,0.2861008853,-0.3234975844,-0.0373966991
795,0.2954981193,-0.3328921923,-0.0373940730
796,0.3054254995,-0.3428167022,-0.0373912027
797,0.3159243065,-0.3533123702,-0.0373880637
798,0.3270397334,-0.3644243626,-0.0373846291
799,0.3388212846,-0.3762021550,-0.0373808704
800,0.3513232085,-0.3886999656,-0.0373767571
801,0.3646049610,-0.4019772238,-0.0373722628
802,0.3787316941,-0.4160990387,-0.0373673446
803,0.3937747620,-0.4311367386,-0.0373619766
804,0.4098122256,-0.4471683561,-0.0373561306
805,0.4269293306,-0.4642791154,-0.0373497848
806,0.4452189178,-0.4825618463,-0.0373429285
807,0.4647817009,-0.5021172708,-0.0373355699
808,0.4857263180,-0.5230540643,-0.0373277463
809,0.5081690128,-0.5454885539,-0.0373195411
810,0.5322327361,-0.5695438427,-0.0373111065
811,0.5580453532,-0.5953480523,-0.0373026991
812,0.5857364992,-0.6230312295,-0.0372947303
813,0.6154324068,-0.6527202476,-0.0372878407
814,0.6472477162,-0.6845307262,-0.0372830100
815,0.6812728227,-0.7185545374,-0.0372817147
816,0.7175546579,-0.7548408175,-0.0372861596
817,0.7560678679,-0.7933674765,-0.0372996086
818,0.7966720475,-0.8339989024,-0.0373268549
819,0.8390489527,-0.8764238232,-0.0373748705
820,0.8826114322,-0.9200650996,-0.0374536675
821,0.9263734805,-0.9639508336,-0.0375773531
822,0.9687692304,-1.0065344464,-0.0377652160
823,1.0074102935,-1.0454526292,-0.0380423357
824,1.0387811684,-1.0772196272,-0.0384384588
825,1.0579027690,-1.0968852390,-0.0389824700
826,1.0580648265,-1.0977523830,-0.0396875565
827,1.0308678236,-1.0713878007,-0.0405199771
828,0.9670431737,-1.0083895204,-0.0413463467
829,0.8587757740,-0.9006474192,-0.0418716452
830,0.7042376031,-0.7458664947,-0.0416288916
831,0.5140604573,-0.5542111051,-0.0401506478
832,0.3168067862,-0.3542292184,-0.0374224322
833,0.1571653580,-0.1915368013,-0.0343714433
834,0.0814525429,-0.1141038243,-0.0326512814
835,0.1148411353,-0.1482272392,-0.0333861038
836,0.2466444047,-0.2827254167,-0.0360810120
837,0.4367409022,-0.4758596629,-0.0391187607
838,0.6372454169,-0.6784164126,-0.0411709957
839,0.8118779788,-0.8537703457,-0.0418923668
840,0.9428373618,-0.9844653220,-0.0416279601
841,1.0275209712,-1.0684027814,-0.0408818101
842,1.0719056304,-1.1119330118,-0.0400273814
843,1.0850474354,-1.1243071557,-0.0392597203
844,1.0758853041,-1.1145324383,-0.0386471342
845,1.0518842769,-1.0900755523,-0.0381912755
846,1.0187372700,-1.0566045886,-0.0378673186
847,0.9805422777,-1.0181870855,-0.0376448078
848,0.9401281825,-0.9776245598,-0.0374963773
849,0.8993794031,-0.9367797041,-0.0374003010
850,0.8595058686,-0.8968462686,-0.0373404000
851,0.8212491499,-0.8585542146,-0.0373050647
852,0.7850325246,-0.8223186775,-0.0372861529
853,0.7510670976,-0.7883451367,-0.0372780392
854,0.7194254314,-0.7567023090,-0.0372768777
855,0.6900919461,-0.7273720076,-0.0372800615
856,0.6629970445,-0.7002828819,-0.0372858374
857,0.6380399821,-0.6753330188,-0.0372930367
858,0.6151040196,-0.6524049087,-0.0373008890
859,0.5940663205,-0.6313752152,-0.0373088948
860,0.5748042863,-0.6121210233,-0.0373167369
861,0.5571994949,-0.5945237166,-0.0373242216
862,0.5411400331,-0.5784712703,-0.0373312372
863,0.5265217677,-0.5638594937,-0.0373377260
864,0.5132489209,-0.5505925869,-0.0373436660
865,0.5012342020,-0.5385832594,-0.0373490574
866,0.4903986616,-0.5277525757,-0.0373539141
867,0.4806713854,-0.5180296430,-0.0373582577
868,0.4719890999,-0.5093512137,-0.0373621138
869,0.4642957438,-0.5016612529,-0.0373655091
870,0.4575420354,-0.4949105053,-0.0373684699
871,0.4516850583,-0.4890560792,-0.0373710209
872,0.4466878785,-0.4840610629,-0.0373731844
873,0.4425192006,-0.4798941808,-0.0373749802
874,0.4391530671,-0.4765294922,-0.0373764251
875,0.4365686041,-0.4739461370,-0.0373775329
876,0.4347498132,-0.4721281276,-0.0373783144
877,0.4336854107,-0.4710641879,-0.0373787772
878,0.4333687130,-0.4707476388,-0.0373789259
879,0.4337975685,-0.4711763304,-0.0373787619
880,0.4349743360,-0.4723526195,-0.0373782835
881,0.4369059085,-0.4742833946,-0.0373774862
882,0.4396037834,-0.4769801454,-0.0373763621
883,0.4430841795,-0.4804590797,-0.0373749003
884,0.4473681999,-0.4847412867,-0.0373730868
885,0.4524820427,-0.4898529474,-0.0373709047
886,0.4584572572,-0.4958255913,-0.0373683341
887,0.4653310472,-0.5026963997,-0.0373653524
888,0.4731466169,-0.5105085519,-0.0373619349
889,0.4819535561,-0.5193116113,-0.0373580552
890,0.4918082558,-0.5291619422,-0.0373536864
891,0.5027743423,-0.5401231454,-0.0373488032
892,0.5149231059,-0.5522664898,-0.0373433839
893,0.5283338935,-0.5656713086,-0.0373374151
894,0.5430944117,-0.5804253089,-0.0373308972
895,0.5593008641,-0.5966247175,-0.0373238534
896,0.5770578070,-0.6143741499,-0.0373163429
897,0.5964775522,-0.6337860324,-0.0373084802
898,0.6176788618,-0.6549793250,-0.0373004632
899,0.6407845621,-0.6780771772,-0.0372926151
900,0.6659175248,-0.7032029698,-0.0372854450
901,0.6931942095,-0.7304739466,-0.0372797371
902,0.7227145838,-0.7599912645,-0.0372766807
903,0.7545466988,-0.7918247584,-0.0372780596
904,0.7887034185,-0.8259899439,-0.0372865254
905,0.8251077059,-0.8624136951,-0.0373059892
906,0.8635413702,-0.9008835407,-0.0373421704
907,0.9035702157,-0.9409735599,-0.0374033442
908,0.9444362179,-0.9819375201,-0.0375013022
909,0.9849051745,-1.0225576345,-0.0376524600
910,1.0230577210,-1.0609365423,-0.0378788213
911,1.0560162768,-1.0942242850,-0.0382080082
912,1.0796182367,-1.1182887755,-0.0386705388
913,1.0880917337,-1.1273824598,-0.0392907261
914,1.0738895836,-1.1139547053,-0.0400651216
915,1.0280182994,-1.0689396269,-0.0409213275
916,0.9414577917,-0.9831150130,-0.0416572213
917,0.8084568655,-0.8503477971,-0.0418909316
918,0.6321335612,-0.6732496342,-0.0411160730
919,0.4310834861,-0.4700880008,-0.0390045147
920,0.2423744295,-0.2783175641,-0.0359431345
921,0.1141024215,-0.1474009346,-0.0332985131
922,0.0855732838,-0.1182452351,-0.0326719513
923,0.1658956633,-0.2003820229,-0.0344863596
924,0.3284937812,-0.3660545765,-0.0375607953
925,0.5265851209,-0.5668345826,-0.0402494617
926,0.7159208322,-0.7575896165,-0.0416687843
927,0.8687399641,-0.9106059304,-0.0418659663
928,0.9750994543,-1.0164166048,-0.0413171505
929,1.0372317870,-1.0777160389,-0.0404842520
930,1.0631098245,-1.1027643396,-0.0396545150
931,1.0620119086,-1.1009675144,-0.0389556058
932,1.0422813900,-1.0806995544,-0.0384181644
933,1.0105549967,-1.0485827044,-0.0380277077
934,0.9717435026,-1.0094985197,-0.0377550170
935,0.9293070231,-0.9668774530,-0.0375704299
936,0.8855921452,-0.9230412311,-0.0374490859
937,0.8421345172,-0.8795064423,-0.0373719251
938,0.7998989114,-0.8372239454,-0.0373250340
939,0.7594578696,-0.7967564193,-0.0372985497
940,0.7211197597,-0.7584053695,-0.0372856098
941,0.6850184278,-0.7222999274,-0.0372814997
942,0.6511749622,-0.6884579725,-0.0372830103
943,0.6195397349,-0.6568277102,-0.0372879753
944,0.5900207178,-0.6273156621,-0.0372949442
945,0.5625023528,-0.5998053086,-0.0373029559
946,0.5368579631,-0.5741693449,-0.0373113818
947,0.5129577794,-0.5502775986,-0.0373198191
948,0.4906740004,-0.5280020176,-0.0373280172
949,0.4698838613,-0.5072196888,-0.0373358275
950,0.4504713753,-0.4878145448,-0.0373431695
951,0.4323281988,-0.4696782061,-0.0373500073
952,0.4153539268,-0.4527102610,-0.0373563343
953,0.3994560278,-0.4368181893,-0.0373621616
954,0.3845495562,-0.4219170678,-0.0373675116
955,0.3705567374,-0.4079291502,-0.0373724128
956,0.3574064863,-0.3947833827,-0.0373768965
957,0.3450339012,-0.3824148962,-0.0373809950
958,0.3333797583,-0.3707644983,-0.0373847400
959,0.3223900229,-0.3597781847,-0.0373881619
960,0.3120153865,-0.3494066759,-0.0373912893
961,0.3022108363,-0.3396049853,-0.0373941490
962,0.2929352562,-0.3303320215,-0.0373967653
963,0.2841510630,-0.3215502239,-0.0373991609
964,0.2758238740,-0.3132252300,-0.0374013561
965,0.2679222056,-0.3053255751,-0.0374033695
966,0.2604172008,-0.2978224188,-0.0374052179
967,0.2532823829,-0.2906892996,-0.0374069166
968,0.2464934334,-0.2839019128,-0.0374084794
969,0.2400279920,-0.2774379106,-0.0374099185
970,0.2338654767,-0.2712767219,-0.0374112452
971,0.2279869211,-0.2653993907,-0.0374124696
972,0.2223748285,-0.2597884293,-0.0374136008
973,0.2170130405,-0.2544276874,-0.0374146469
974,0.2118866180,-0.2493022334,-0.0374156154
975,0.2069817346,-0.2443982476,-0.0374165130
976,0.2022855797,-0.2397029255,-0.0374173458
977,0.1977862718,-0.2352043909,-0.0374181191
978,0.1934727789,-0.2308916170,-0.0374188381
979,0.1893348484,-0.2267543554,-0.0374195070
980,0.1853629413,-0.2227830714,-0.0374201302
981,0.1815481746,-0.2189688857,-0.0374207111
982,0.1778822677,-0.2153035210,-0.0374212532
983,0.1743574947,-0.2117792543,-0.0374217596
984,0.1709666399,-0.2083888729,-0.0374222331
985,0.1677029584,-0.2051256345,-0.0374226760
986,0.1645601399,-0.2019832309,-0.0374230909
987,0.1615322751,-0.1989557549,-0.0374234798
988,0.1586138257,-0.1960376703,-0.0374238446
989,0.1557995969,-0.1932237840,-0.0374241871
990,0.1530847120,-0.1905092209,-0.0374245089
991,0.1504645892,-0.1878894007,-0.0374248115
992,0.1479349206,-0.1853600168,-0.0374250962
993,0.1454916525,-0.1829170169,-0.0374253644
994,0.1431309679,-0.1805565850,-0.0374256171
995,0.1408492698,-0.1782751253,-0.0374258554
996,0.1386431662,-0.1760692465,-0.0374260804
997,0.1365094561,-0.1739357488,-0.0374262928
998,0.1344451170,-0.1718716105,-0.0374264935
999,0.1324472929,-0.1698739761,-0.0374266832
1000,0.1305132831,-0.1679401459,-0.0374268628
1001,0.1286405328,-0.1660675656,-0.0374270328
1002,0.1268266231,-0.1642538169,-0.0374271938
1003,0.1250692629,-0.1624966094,-0.0374273465
1004,0.1233662806,-0.1607937718,-0.0374274912
1005,0.1217156168,-0.1591432453,-0.0374276286
1006,0.1201153173,-0.1575430763,-0.0374277590
1007,0.1185635272,-0.1559914100,-0.0374278828
1008,0.1170584842,-0.1544864847,-0.0374280006
1009,0.1155985138,-0.1530266263,-0.0374281125
1010,0.1141820239,-0.1516102429,-0.0374282190
1011,0.1128074998,-0.1502358201,-0.0374283203
1012,0.1114735002,-0.1489019170,-0.0374284168
1013,0.1101786527,-0.1476071614,-0.0374285087
1014,0.1089216501,-0.1463502463,-0.0374285963
1015,0.1077012466,-0.1451299264,-0.0374286798
1016,0.1065162549,-0.1439450143,-0.0374287594
1017,0.1053655423,-0.1427943777,-0.0374288354
1018,0.1042480284,-0.1416769363,-0.0374289079
1019,0.1031626822,-0.1405916593,-0.0374289771
1020,0.1021085190,-0.1395375623,-0.0374290432
1021,0.1010845989,-0.1385137053,-0.0374291064
1022,0.1000900235,-0.1375191903,-0.0374291668
1023,0.0991239346,-0.1365531591,-0.0374292245
1024,0.0981855118,-0.1356147915,-0.0374292797
1025,0.0972739707,-0.1347033031,-0.0374293324
1026,0.0963885609,-0.1338179439,-0.0374293829
1027,0.0955285650,-0.1329579962,-0.0374294312
1028,0.0946932962,-0.1321227736,-0.0374294775
1029,0.0938820973,-0.1313116190,-0.0374295217
1030,0.0930943395,-0.1305239036,-0.0374295641
1031,0.0923294205,-0.1297590252,-0.0374296047
1032,0.0915867639,-0.1290164074,-0.0374296435
1033,0.0908658175,-0.1282954982,-0.0374296807
1034,0.0901660527,-0.1275957691,-0.0374297164
1035,0.0894869632,-0.1269167137,-0.0374297505
1036,0.0888280638,-0.1262578471,-0.0374297832
1037,0.0881888902,-0.1256187048,-0.0374298146
1038,0.0875689973,-0.1249988419,-0.0374298446
1039,0.0869679589,-0.1243978323,-0.0374298733
1040,0.0863853670,-0.1238152679,-0.0374299009
1041,0.0858208306,-0.1232507578,-0.0374299273
1042,0.0852739754,-0.1227039279,-0.0374299525
1043,0.0847444430,-0.1221744197,-0.0374299767
1044,0.0842318904,-0.1216618848,-0.0374299944
1045,0.0837359893,-0.1211660058,-0.0374300165
1046,0.0832564256,-0.1206864634,-0.0374300377
1047,0.0827928990,-0.1202229570,-0.0374300580
1048,0.0823451221,-0.1197751995,-0.0374300774
1049,0.0819128205,-0.1193429164,-0.0374300959
1050,0.0814957319,-0.1189258455,-0.0374301136
1051,0.0810936062,-0.1185237367,-0.0374301305
1052,0.0807062043,-0.1181363509,-0.0374301466
1053,0.0803332987,-0.1177634607,-0.0374301619
1054,0.0799746725,-0.1174048491,-0.0374301766
1055,0.0796301191,-0.1170603096,-0.0374301905
1056,0.0792994422,-0.1167296459,-0.0374302037
1057,0.0789824554,-0.1164126717,-0.0374302162
1058,0.0786789818,-0.1161092100,-0.0374302281
1059,0.0783888539,-0.1158190933,-0.0374302394
1060,0.0781119132,-0.1155421632,-0.0374302500
1061,0.0778480101,-0.1152782702,-0.0374302601
1062,0.0775970037,-0.1150272732,-0.0374302695
1063,0.0773587616,-0.1147890399,-0.0374302784
1064,0.0771331594,-0.1145634461,-0.0374302867
1065,0.0769200813,-0.1143503757,-0.0374302944
1066,0.0767194190,-0.1141497207,-0.0374303016
1067,0.0765310723,-0.1139613806,-0.0374303083
1068,0.0763549486,-0.1137852630,-0.0374303144
1069,0.0761909627,-0.1136212827,-0.0374303200
1070,0.0760390370,-0.1134693622,-0.0374303251
1071,0.0758991014,-0.1133294312,-0.0374303297
1072,0.0757710928,-0.1132014266,-0.0374303338
1073,0.0756549554,-0.1130852928,-0.0374303374
1074,0.0755506405,-0.1129809810,-0.0374303405
1075,0.0754581064,-0.1128884496,-0.0374303432
1076,0.0753773186,-0.1128076639,-0.0374303453
1077,0.0753082495,-0.1127385965,-0.0374303469
1078,0.0752508783,-0.1126812265,-0.0374303481
1079,0.0752051914,-0.1126355402,-0.0374303488
1080,0.0751711819,-0.1126015309,-0.0374303490
1081,0.0751488499,-0.1125791986,-0.0374303487
1082,0.0751382025,-0.1125685505,-0.0374303480
1083,0.0751392537,-0.1125696005,-0.0374303467
1084,0.0751520246,-0.1125823696,-0.0374303450
1085,0.0751765433,-0.1126068860,-0.0374303427
1086,0.0752128448,-0.1126431848,-0.0374303400
1087,0.0752609715,-0.1126913083,-0.0374303368
1088,0.0753209729,-0.1127513060,-0.0374303330
1089,0.0753929060,-0.1128232348,-0.0374303288
1090,0.0754768348,-0.1129071588,-0.0374303240
1091,0.0755728312,-0.1130031500,-0.0374303187
1092,0.0756809746,-0.1131112875,-0.0374303129
1093,0.0758013521,-0.1132316586,-0.0374303065
1094,0.0759340586,-0.1133643582,-0.0374302995
1095,0.0760791973,-0.1135094894,-0.0374302920
1096,0.0762368795,-0.1136671634,-0.0374302839
1097,0.0764072247,-0.1138374999,-0.0374302752
1098,0.0765903612,-0.1140206272,-0.0374302659
1099,0.0767864261,-0.1142166821,-0.0374302560
1100,0.0769955653,-0.1144258107,-0.0374302454
1101,0.0772179341,-0.1146481683,-0.0374302342
1102,0.0774536973,-0.1148839196,-0.0374302223
1103,0.0777030294,-0.1151332391,-0.0374302097
1104,0.0779661149,-0.1153963113,-0.0374301964
1105,0.0782431488,-0.1156733312,-0.0374301823
1106,0.0785343367,-0.1159645042,-0.0374301675
1107,0.0788398952,-0.1162700471,-0.0374301519
1108,0.0791600523,-0.1165901878,-0.0374301354
1109,0.0794950479,-0.1169251660,-0.0374301181
1110,0.0798451339,-0.1172752338,-0.0374301000
1111,0.0802105749,-0.1176406558,-0.0374300809
1112,0.0805916487,-0.1180217096,-0.0374300609
1113,0.0809886465,-0.1184186864,-0.0374300399
1114,0.0814018738,-0.1188318917,-0.0374300179
1115,0.0818316507,-0.1192616455,-0.0374299948
1116,0.0822783124,-0.1197082830,-0.0374299706
1117,0.0827422101,-0.1201721554,-0.0374299453
1118,0.0832237116,-0.1206536303,-0.0374299188
1119,0.0837232016,-0.1211530926,-0.0374298910
1120,0.0842410831,-0.1216709450,-0.0374298619
1121,0.0847777776,-0.1222076091,-0.0374298315
1122,0.0853337262,-0.1227635259,-0.0374297996
1123,0.0859093906,-0.1233391569,-0.0374297663
1124,0.0865052537,-0.1239349851,-0.0374297314
1125,0.0871218207,-0.1245515156,-0.0374296949
1126,0.0877596204,-0.1251892770,-0.0374296566
1127,0.0884192059,-0.1258488226,-0.0374296166
1128,0.0891011562,-0.1265307309,-0.0374295747
1129,0.0898060770,-0.1272356079,-0.0374295309
1130,0.0905346025,-0.1279640875,-0.0374294849
1131,0.0912873965,-0.1287168334,-0.0374294368
1132,0.0920651540,-0.1294945405,-0.0374293864
1133,0.0928686028,-0.1302979364,-0.0374293336
1134,0.0936985052,-0.1311277835,-0.0374292783
1135,0.0945556598,-0.1319848801,-0.0374292203
1136,0.0954409035,-0.1328700630,-0.0374291595
1137,0.0963551135,-0.1337842092,-0.0374290958
1138,0.0972992094,-0.1347282383,-0.0374290289
1139,0.0982741559,-0.1357031146,-0.0374289587
1140,0.0992809648,-0.1367098498,-0.0374288850
1141,0.1003206980,-0.1377495056,-0.0374288076
1142,0.1013944704,-0.1388231967,-0.0374287264
1143,0.1025034526,-0.1399320936,-0.0374286410
1144,0.1036488747,-0.1410774259,-0.0374285512
1145,0.1048320292,-0.1422604861,-0.0374284568
1146,0.1060542753,-0.1434826328,-0.0374283575
1147,0.1073170426,-0.1447452956,-0.0374282530
1148,0.1086218353,-0.1460499782,-0.0374281429
1149,0.1099702371,-0.1473982641,-0.0374280269
1150,0.1113639163,-0.1487918210,-0.0374279047
1151,0.1128046305,-0.1502324064,-0.0374277758
1152,0.1142942331,-0.1517218729,-0.0374276399
1153,0.1158346788,-0.1532621751,-0.0374274963
1154,0.1174280309,-0.1548553757,-0.0374273447
1155,0.1190764680,-0.1565036526,-0.0374271845
1156,0.1207822920,-0.1582093072,-0.0374270152
1157,0.1225479362,-0.1599747722,-0.0374268360
1158,0.1243759747,-0.1618026210,-0.0374266463
1159,0.1262691320,-0.1636955773,-0.0374264454
1160,0.1282302933,-0.1656565257,-0.0374262324
1161,0.1302625165,-0.1676885231,-0.0374260065
1162,0.1323690443,-0.1697948111,-0.0374257668
1163,0.1345533175,-0.1719788297,-0.0374255123
1164,0.1368189900,-0.1742442372,-0.0374252472
1165,0.1391699447,-0.1765949042,-0.0374249595
1166,0.1416103105,-0.1790349637,-0.0374246532
1167,0.1441444813,-0.1815688084,-0.0374243271
1168,0.1467771369,-0.1842011163,-0.0374239794
1169,0.1495132647,-0.1869368733,-0.0374236086
1170,0.1523581850,-0.1897813976,-0.0374232126
1171,0.1553175772,-0.1927403668,-0.0374227896
1172,0.1583975094,-0.1958198466,-0.0374223372
1173,0.1616044704,-0.1990263234,-0.0374218530
1174,0.1649454049,-0.2023667393,-0.0374213343
1175,0.1684277522,-0.2058485304,-0.0374207782
1176,0.1720594885,-0.2094796699,-0.0374201814
1177,0.1758491738,-0.2132687142,-0.0374195404
1178,0.1798060032,-0.2172248544,-0.0374188512
1179,0.1839398634,-0.2213579728,-0.0374181094
1180,0.1882613954,-0.2256787058,-0.0374173104
1181,0.1927820633,-0.2301985120,-0.0374164487
1182,0.1975142305,-0.2349297491,-0.0374155186
1183,0.2024712440,-0.2398857577,-0.0374145137
1184,0.2076675281,-0.2450809548,-0.0374134267
1185,0.2131186870,-0.2505309368,-0.0374122497
1186,0.2188416202,-0.2562525942,-0.0374109740
1187,0.2248546488,-0.2622642387,-0.0374095899
1188,0.2311776573,-0.2685857440,-0.0374080866
1189,0.2378322499,-0.2752387020,-0.0374064522
1190,0.2448419239,-0.2822465973,-0.0374046733
1191,0.2522322636,-0.2896349990,-0.0374027355
1192,0.2600311534,-0.2974317758,-0.0374006224
1193,0.2682690162,-0.3056673323,-0.0373983161
1194,0.2769790754,-0.3143748724,-0.0373957970
1195,0.2861976461,-0.3235906896,-0.0373930435
1196,0.2959644551,-0.3333544869,-0.0373900318
1197,0.3063229927,-0.3437097289,-0.0373867363
1198,0.3173208967,-0.3547040259,-0.0373831292
1199,0.3290103693,-0.3663895505,-0.0373791812
1200,0.3414486247,-0.3788234862,-0.0373748615
1201,0.3546983631,-0.3920685016,-0.0373701385
1202,0.3688282632,-0.4061932447,-0.0373649815
1203,0.3839134781,-0.4212728400,-0.0373593619
1204,0.4000361120,-0.4373893687,-0.0373532567
1205,0.4172856401,-0.4546322926,-0.0373466525
1206,0.4357592166,-0.4730987688,-0.0373395523
1207,0.4555617849,-0.4928937698,-0.0373319849
1208,0.4768058648,-0.5141298844,-0.0373240196
1209,0.4996108277,-0.5369266145,-0.0373157868
1210,0.5241013833,-0.5614088923,-0.0373075090
1211,0.5504048702,-0.5877044163,-0.0372995460
1212,0.5786467518,-0.6159392127,-0.0372924609
1213,0.6089434415,-0.6462305577,-0.0372871163
1214,0.6413911783,-0.6786759930,-0.0372848147
1215,0.6760490916,-0.7133365943,-0.0372875027
1216,0.7129137670,-0.7502118306,-0.0372980636
1217,0.7518814655,-0.7892022002,-0.0373207346
1218,0.7926925813,-0.8300542681,-0.0373616868
1219,0.8348509247,-0.8722807276,-0.0374298029
1220,0.8775081567,-0.9150458107,-0.0375376541
1221,0.9193018437,-0.9570044123,-0.0377025686
1222,0.9581359841,-0.9960834053,-0.0379474212
1223,0.9908997718,-1.0291999526,-0.0383001808
1224,1.0131428351,-1.0519329399,-0.0387901048
1225,1.0187800560,-1.0582165920,-0.0394365360
1226,1.0000122481,-1.0402362109,-0.0402239628
1227,0.9478449328,-0.9889020016,-0.0410570688
1228,0.8538409829,-0.8955412748,-0.0417002919
1229,0.7138540497,-0.7555971054,-0.0417430558
1230,0.5339075034,-0.5746050839,-0.0406975805
1231,0.3363218298,-0.3746782964,-0.0383564666
1232,0.1608696827,-0.1961819143,-0.0353122316
1233,0.0546571390,-0.0876992771,-0.0330421380
1234,0.0512007996,-0.0841617406,-0.0329609410
1235,0.1516810428,-0.1868042641,-0.0351232213
1236,0.3242336842,-0.3624023065,-0.0381686222
1237,0.5219295989,-0.5625137074,-0.0405841085
1238,0.7040714973,-0.7457845986,-0.0417131013
1239,0.8471520876,-0.8888785947,-0.0417265071
1240,0.9442598685,-0.9853677987,-0.0411079302
1241,0.9990799910,-1.0393581349,-0.0402781439
1242,1.0199096473,-1.0593933427,-0.0394836954
1243,1.0157778788,-1.0546049708,-0.0388270920
1244,0.9945863565,-1.0329137726,-0.0383274161
1245,0.9625326702,-1.0004993072,-0.0379666370
1246,0.9241651033,-0.9618807931,-0.0377156898
1247,0.8826711221,-0.9202174757,-0.0375463536
1248,0.8402032837,-0.8776386723,-0.0374353886
1249,0.7981642154,-0.8355293403,-0.0373651249
1250,0.7574300911,-0.7947528066,-0.0373227155
1251,0.7185159884,-0.7558150589,-0.0372990705
1252,0.6816940941,-0.7189819632,-0.0372878692
1253,0.6470763587,-0.6843611273,-0.0372847687
1254,0.6146714199,-0.6519582321,-0.0372868122
1255,0.5844233498,-0.6217153525,-0.0372920027
1256,0.5562377570,-0.5935367598,-0.0372990027
1257,0.5299991797,-0.5673061058,-0.0373069261
1258,0.5055825225,-0.5428977163,-0.0373151938
1259,0.4828604433,-0.5201838782,-0.0373234350
1260,0.4617079994,-0.4990394193,-0.0373314198
1261,0.4420054534,-0.4793444665,-0.0373390131
1262,0.4236398491,-0.4609859913,-0.0373461422
1263,0.4065057780,-0.4438585542,-0.0373527762
1264,0.3905056192,-0.4278645299,-0.0373589108
1265,0.3755494450,-0.4129140035,-0.0373645585
1266,0.3615547237,-0.3989244657,-0.0373697420
1267,0.3484459042,-0.3858203936,-0.0373744894
1268,0.3361539421,-0.3735327737,-0.0373788316
1269,0.3246158043,-0.3619986042,-0.0373827999
1270,0.3137739755,-0.3511604007,-0.0373864252
1271,0.3035759829,-0.3409657201,-0.0373897372
1272,0.2939739467,-0.3313667103,-0.0373927636
1273,0.2849241613,-0.3223196915,-0.0373955302
1274,0.2763867090,-0.3137847698,-0.0373980608
1275,0.2683251062,-0.3057254833,-0.0374003771
1276,0.2607059812,-0.2981084803,-0.0374024991
1277,0.2534987820,-0.2909032267,-0.0374044447
1278,0.2466755114,-0.2840817416,-0.0374062301
1279,0.2402104881,-0.2776183584,-0.0374078703
1280,0.2340801313,-0.2714895098,-0.0374093784
1281,0.2282627664,-0.2656735330,-0.0374107666
1282,0.2227384497,-0.2601504953,-0.0374120456
1283,0.2174888114,-0.2549020365,-0.0374132252
1284,0.2124969128,-0.2499112271,-0.0374143142
1285,0.2077471194,-0.2451624401,-0.0374153207
1286,0.2032249844,-0.2406412362,-0.0374162518
1287,0.1989171457,-0.2363342596,-0.0374171139
1288,0.1948112313,-0.2322291444,-0.0374179131
1289,0.1908957748,-0.2283144294,-0.0374186546
1290,0.1871601389,-0.2245794820,-0.0374193431
1291,0.1835944454,-0.2210144285,-0.0374199832
1292,0.1801895131,-0.2176100917,-0.0374205786
1293,0.1769368003,-0.2143579334,-0.0374211331
1294,0.1738283535,-0.2112500033,-0.0374216498
1295,0.1708567602,-0.2082788920,-0.0374221318
1296,0.1680151062,-0.2054376880,-0.0374225818
1297,0.1652969372,-0.2027199393,-0.0374230021
1298,0.1626962228,-0.2001196179,-0.0374233951
1299,0.1602073247,-0.1976310875,-0.0374237628
1300,0.1578249672,-0.1952490743,-0.0374241071
1301,0.1555442101,-0.1929686398,-0.0374244297
1302,0.1533604245,-0.1907851566,-0.0374247321
1303,0.1512692696,-0.1886942854,-0.0374250158
1304,0.1492666729,-0.1866919551,-0.0374252822
1305,0.1473488108,-0.1847743432,-0.0374255324
1306,0.1455120914,-0.1829378589,-0.0374257675
1307,0.1437531382,-0.1811791268,-0.0374259886
1308,0.1420687761,-0.1794949728,-0.0374261966
1309,0.1404560175,-0.1778824099,-0.0374263924
1310,0.1389120497,-0.1763386265,-0.0374265767
1311,0.1374342240,-0.1748609744,-0.0374267504
1312,0.1360200444,-0.1734469584,-0.0374269140
1313,0.1346671586,-0.1720942269,-0.0374270683
1314,0.1333733485,-0.1708005623,-0.0374272138
1315,0.1321365220,-0.1695638730,-0.0374273510
1316,0.1309547053,-0.1683821858,-0.0374274804
1317,0.1298260359,-0.1672536385,-0.0374276026
1318,0.1287487557,-0.1661764736,-0.0374277179
1319,0.1277212051,-0.1651490318,-0.0374278267
1320,0.1267418171,-0.1641697465,-0.0374279294
1321,0.1258091124,-0.1632371388,-0.0374280263
1322,0.1249216942,-0.1623498121,-0.0374281178
1323,0.1240782437,-0.1615064479,-0.0374282042
1324,0.1232775158,-0.1607058015,-0.0374282856
1325,0.1225183355,-0.1599466980,-0.0374283625
1326,0.1217995938,-0.1592280287,-0.0374284349
1327,0.1211202446,-0.1585487478,-0.0374285032
1328,0.1204793015,-0.1579078691,-0.0374285676
1329,0.1198758348,-0.1573044629,-0.0374286282
1330,0.1193089686,-0.1567376537,-0.0374286851
1331,0.1187778787,-0.1562066174,-0.0374287387
1332,0.1182817897,-0.1557105787,-0.0374287890
1333,0.1178199732,-0.1552488094,-0.0374288362
1334,0.1173917454,-0.1548206258,-0.0374288804
1335,0.1169964656,-0.1544253873,-0.0374289217
1336,0.1166335340,-0.1540624942,-0.0374289602
1337,0.1163023902,-0.1537313864,-0.0374289962
1338,0.1160025119,-0.1534315415,-0.0374290295
1339,0.1157334131,-0.1531624736,-0.0374290605
1340,0.1154946430,-0.1529237321,-0.0374290890
1341,0.1152857848,-0.1527149001,-0.0374291153
1342,0.1151064543,-0.1525355936,-0.0374291393
1343,0.1149562993,-0.1523854605,-0.0374291612
1344,0.1148349983,-0.1522641793,-0.0374291810
1345,0.1147422596,-0.1521714584,-0.0374291988
1346,0.1146778208,-0.1521070354,-0.0374292146
1347,0.1146414478,-0.1520706763,-0.0374292285
1348,0.1146329343,-0.1520621748,-0.0374292405
1349,0.1146521009,-0.1520813515,-0.0374292506
1350,0.1146987951,-0.1521280540,-0.0374292589
1351,0.1147728902,-0.1522021555,-0.0374292654
1352,0.1148742853,-0.1523035554,-0.0374292701
1353,0.1150029048,-0.1524321779,-0.0374292731
1354,0.1151586983,-0.1525879726,-0.0374292743
1355,0.1153416399,-0.1527709137,-0.0374292738
1356,0.1155517283,-0.1529810000,-0.0374292717
1357,0.1157889868,-0.1532182546,-0.0374292678
1358,0.1160534627,-0.1534827250,-0.0374292622
1359,0.1163452280,-0.1537744829,-0.0374292550
1360,0.1166643784,-0.1540936244,-0.0374292460
1361,0.1170110344,-0.1544402697,-0.0374292353
1362,0.1173853405,-0.1548145635,-0.0374292229
1363,0.1177874662,-0.1552166749,-0.0374292088
1364,0.1182176052,-0.1556467981,-0.0374291929
1365,0.1186759765,-0.1561051518,-0.0374291753
1366,0.1191628244,-0.1565919802,-0.0374291558
1367,0.1196784188,-0.1571075533,-0.0374291345
1368,0.1202230554,-0.1576521668,-0.0374291114
1369,0.1207970566,-0.1582261430,-0.0374290864
1370,0.1214007717,-0.1588298311,-0.0374290594
1371,0.1220345775,-0.1594636080,-0.0374290305
1372,0.1226988790,-0.1601278785,-0.0374289996
1373,0.1233941099,-0.1608230764,-0.0374289665
1374,0.1241207336,-0.1615496650,-0.0374289314
1375,0.1248792438,-0.1623081378,-0.0374288940
1376,0.1256701654,-0.1630990199,-0.0374288544
1377,0.1264940555,-0.1639228680,-0.0374288125
1378,0.1273515045,-0.1647802726,-0.0374287682
1379,0.1282431367,-0.1656718580,-0.0374287213
1380,0.1291696121,-0.1665982840,-0.0374286719
1381,0.1301316275,-0.1675602473,-0.0374286198
1382,0.1311299173,-0.1685584823,-0.0374285650
1383,0.1321652557,-0.1695937630,-0.0374285072
1384,0.1332384578,-0.1706669043,-0.0374284465
1385,0.1343503811,-0.1717787638,-0.0374283826
1386,0.1355019277,-0.1729302432,-0.0374283155
1387,0.1366940457,-0.1741222908,-0.0374282450
1388,0.1379277316,-0.1753559026,-0.0374281710
1389,0.1392040319,-0.1766321252,-0.0374280933
1390,0.1405240459,-0.1779520576,-0.0374280117
1391,0.1418889278,-0.1793168538,-0.0374279261
1392,0.1432998892,-0.1807277254,-0.0374278362
1393,0.1447582020,-0.1821859439,-0.0374277418
1394,0.1462652014,-0.1836928442,-0.0374276429
1395,0.1478222885,-0.1852498275,-0.0374275390
1396,0.1494309343,-0.1868583643,-0.0374274299
1397,0.1510926828,-0.1885199983,-0.0374273155
1398,0.1528091546,-0.1902363500,-0.0374271954
1399,0.1545820516,-0.1920091209,-0.0374270693
1400,0.1564131606,-0.1938400974,-0.0374269368
1401,0.1583043582,-0.1957311559,-0.0374267977
1402,0.1602576156,-0.1976842672,-0.0374266516
1403,0.1622750041,-0.1997015021,-0.0374264980
1404,0.1643587002,-0.2017850368,-0.0374263366
1405,0.1665109923,-0.2039371592,-0.0374261669
1406,0.1687342862,-0.2061602746,-0.0374259884
1407,0.1710311130,-0.2084569136,-0.0374258006
1408,0.1734041357,-0.2108297386,-0.0374256029
1409,0.1758561574,-0.2132815523,-0.0374253948
1410,0.1783901299,-0.2158153055,-0.0374251756
1411,0.1810091625,-0.2184341072,-0.0374249446
1412,0.1837165322,-0.2211412333,-0.0374247011
1413,0.1865156938,-0.2239401381,-0.0374244443
1414,0.1894102916,-0.2268344649,-0.0374241733
1415,0.1924041713,-0.2298280585,-0.0374238872
1416,0.1955013934,-0.2329249784,-0.0374235849
1417,0.1987062473,-0.2361295128,-0.0374232656
1418,0.2020232663,-0.2394461941,-0.0374229278
1419,0.2054572446,-0.2428798151,-0.0374225705
1420,0.2090132549,-0.2464354472,-0.0374221923
1421,0.2126966676,-0.2501184592,-0.0374217916
1422,0.2165131720,-0.2539345390,-0.0374213670
1423,0.2204687985,-0.2578897152,-0.0374209166
1424,0.2245699438,-0.2619903825,-0.0374204387
1425,0.2288233969,-0.2662433280,-0.0374199311
1426,0.2332363682,-0.2706557599,-0.0374193917
1427,0.2378165215,-0.2752353396,-0.0374188181
1428,0.2425720074,-0.2799902150,-0.0374182077
1429,0.2475115012,-0.2849290587,-0.0374175575
1430,0.2526442435,-0.2900611081,-0.0374168646
1431,0.2579800842,-0.2953962097,-0.0374161255
1432,0.2635295314,-0.3009448679,-0.0374153365
1433,0.2693038042,-0.3067182978,-0.0374144936
1434,0.2753148907,-0.3127284830,-0.0374135923
1435,0.2815756115,-0.3189882392,-0.0374126277
1436,0.2880996894,-0.3255112894,-0.0374116000
1437,0.2949018262,-0.3323123186,-0.0374104924
1438,0.3019977862,-0.3394070900,-0.0374093038
1439,0.3094044890,-0.3468125163,-0.0374080273
1440,0.3171401113,-0.3545467662,-0.0374066549
1441,0.3252241989,-0.3626293769,-0.0374051780
1442,0.3336777905,-0.3710813777,-0.0374035872
1443,0.3425235547,-0.3799254266,-0.0374018720
1444,0.3517859404,-0.3891859610,-0.0374000206
1445,0.3614913446,-0.3988893650,-0.0373980204
1446,0.3716682968,-0.4090641538,-0.0373958570
1447,0.3823476644,-0.4197411792,-0.0373935148
1448,0.3935628798,-0.4309538561,-0.0373909763
1449,0.4053501927,-0.4427384148,-0.0373882221
1450,0.4177489498,-0.4551341806,-0.0373852308
1451,0.4308019056,-0.4681838844,-0.0373819788
1452,0.4445555678,-0.4819340073,-0.0373784395
1453,0.4590605801,-0.4964351640,-0.0373745839
1454,0.4743721476,-0.5117425274,-0.0373703797
1455,0.4905505084,-0.5279162998,-0.0373657914
1456,0.5076614558,-0.5450222354,-0.0373607796
1457,0.5257769152,-0.5631322165,-0.0373553013
1458,0.5449755806,-0.5823248901,-0.0373493095
1459,0.5653436129,-0.6026863659,-0.0373427530
1460,0.5869754023,-0.6243109793,-0.0373355770
1461,0.6099743950,-0.6473021180,-0.0373277231
1462,0.6344539800,-0.6717731102,-0.0373191302
1463,0.6605384266,-0.6978481631,-0.0373097365
1464,0.6883638545,-0.7256633360,-0.0372994815
1465,0.7180792068,-0.7553675171,-0.0372883103
1466,0.7498471754,-0.7871233549,-0.0372761795
1467,0.7838450017,-0.8211080685,-0.0372630668
1468,0.8202650350,-0.8575140193,-0.0372489842
1469,0.8593148674,-0.8965488667,-0.0372339993
1470,0.9012167795,-0.9384350445,-0.0372182649
1471,0.9462060984,-0.9834081624,-0.0372020640
1472,0.9945278798,-1.0317137548,-0.0371858750
1473,1.0464310484,-1.0836015164,-0.0371704680
1474,1.1021587243,-1.1393157698,-0.0371570455
1475,1.1619328705,-1.1990803180,-0.0371474475
1476,1.2259305413,-1.2630749920,-0.0371444507
1477,1.2942477853,-1.3313999859,-0.0371522006
1478,1.3668455261,-1.4040223550,-0.0371768289
1479,1.4434693770,-1.4806966968,-0.0372273198
1480,1.5235322615,-1.5608489495,-0.0373166880
1481,1.6059450645,-1.6434085556,-0.0374634911
1482,1.6888771233,-1.7265706945,-0.0376935712
1483,1.7694274893,-1.8074690638,-0.0380415744
1484,1.8431951192,-1.8817461521,-0.0385510330
1485,1.9037633267,-1.9430336007,-0.0392702740
1486,1.9421831666,-1.9824220472,-0.0402388806
1487,1.9466860452,-1.9881424826,-0.0414564374
1488,1.9031095185,-1.9459350124,-0.0428254939
1489,1.7968480072,-1.8409227037,-0.0440746964
1490,1.6172875929,-1.6620006825,-0.0447130896
1491,1.3649910778,-1.4091296960,-0.0441386182
1492,1.0595556754,-1.1015753398,-0.0420196644
1493,0.7426790405,-0.7814612821,-0.0387822415
1494,0.4705983784,-0.5061930205,-0.0355946421
1495,0.2970613644,-0.3306281509,-0.0335667866
1496,0.2568782665,-0.2899936319,-0.0331153654
1497,0.3579930157,-0.3922634007,-0.0342703851
1498,0.5802513392,-0.6171529674,-0.0369016282
1499,0.8790035986,-0.9192785099,-0.0402749113
1500,1.1970695118,-1.2402025929,-0.0431330811
1501,1.4828919898,-1.5274657015,-0.0445737118
1502,1.7042492753,-1.7487968110,-0.0445475357
1503,1.8507098927,-1.8942782023,-0.0435683096
1504,1.9276278728,-1.9698469364,-0.0422190636
1505,1.9481018746,-1.9889969758,-0.0408951012
1506,1.9269223925,-1.9667044639,-0.0397820714
1507,1.8773300140,-1.9162561214,-0.0389261074
1508,1.8098524243,-1.8481571365,-0.0383047122
1509,1.7322716178,-1.7701435035,-0.0378718857
1510,1.6500537401,-1.6876341925,-0.0375804524
1511,1.5668827747,-1.6042733813,-0.0373906066
1512,1.4851435082,-1.5224152069,-0.0372716987
1513,1.4063066471,-1.4435079444,-0.0372012973
1514,1.3312162617,-1.3683797428,-0.0371634810
1515,1.2602961352,-1.2974433044,-0.0371471693
1516,1.1936942655,-1.2308390193,-0.0371447539
1517,1.1313823415,-1.1685334059,-0.0371510644
1518,1.0732233275,-1.1103859468,-0.0371626193
1519,1.0190168465,-1.0561939432,-0.0371770968
1520,0.9685292802,-1.0057222471,-0.0371929669
1521,0.9215134347,-0.9587226725,-0.0372092378
1522,0.8777211257,-0.9149464071,-0.0372252814
1523,0.8369109902,-0.8741517049,-0.0372407147
1524,0.7988531026,-0.8361084212,-0.0372553186
1525,0.7633314698,-0.8006004520,-0.0372689821
1526,0.7301451371,-0.7674268022,-0.0372816651
1527,0.6991083998,-0.7364017724,-0.0372933726
1528,0.6700504555,-0.7073545932,-0.0373041377
1529,0.6428147223,-0.6801287319,-0.0373140096
1530,0.6172579706,-0.6545810170,-0.0373230464
1531,0.5932493699,-0.6305806794,-0.0373313095
1532,0.5706695121,-0.6080083727,-0.0373388606
1533,0.5494094524,-0.5867552122,-0.0373457598
1534,0.5293697927,-0.5667218568,-0.0373520641
1535,0.5104598206,-0.5478176471,-0.0373578266
1536,0.4925967102,-0.5299598069,-0.0373630967
1537,0.4757047881,-0.5130727078,-0.0373679197
1538,0.4597148628,-0.4970871998,-0.0373723370
1539,0.4445636141,-0.4819400003,-0.0373763862
1540,0.4301930415,-0.4675731428,-0.0373801013
1541,0.4165499641,-0.4539334774,-0.0373835133
1542,0.4035855701,-0.4409722201,-0.0373866500
1543,0.3912550103,-0.4286445469,-0.0373895367
1544,0.3795170323,-0.4169092283,-0.0373921960
1545,0.3683336510,-0.4057282994,-0.0373946484
1546,0.3576698513,-0.3950667637,-0.0373969124
1547,0.3474933212,-0.3848923258,-0.0373990046
1548,0.3377742104,-0.3751751506,-0.0374009402
1549,0.3284849135,-0.3658876462,-0.0374027327
1550,0.3195998738,-0.3570042683,-0.0374043945
1551,0.3110954064,-0.3485013429,-0.0374059365
1552,0.3029495383,-0.3403569072,-0.0374073689
1553,0.2951418641,-0.3325505649,-0.0374087008
1554,0.2876534145,-0.3250633550,-0.0374099404
1555,0.2804665387,-0.3178776340,-0.0374110953
1556,0.2735647961,-0.3109769682,-0.0374121722
1557,0.2669328588,-0.3043460362,-0.0374131773
1558,0.2605564236,-0.2979705399,-0.0374141163
1559,0.2544221304,-0.2918371192,-0.0374149888
1560,0.2485174894,-0.2859332998,-0.0374158104
1561,0.2428308139,-0.2802473939,-0.0374165800
1562,0.2373511594,-0.2747684608,-0.0374173014
1563,0.2320682676,-0.2694862458,-0.0374179782
1564,0.2269725157,-0.2643911293,-0.0374186137
1565,0.2220548694,-0.2594740802,-0.0374192108
1566,0.2173068405,-0.2547266129,-0.0374197724
1567,0.2127204477,-0.2501407485,-0.0374203008
1568,0.2082881803,-0.2457089789,-0.0374207986
1569,0.2040029656,-0.2414242333,-0.0374212676
1570,0.1998581383,-0.2372798484,-0.0374217100
1571,0.1958474127,-0.2332695402,-0.0374221276
1572,0.1919648566,-0.2293873785,-0.0374225219
1573,0.1882048680,-0.2256277626,-0.0374228946
1574,0.1845621533,-0.2219854003,-0.0374232470
1575,0.1810317064,-0.2184552869,-0.0374235805
1576,0.1776087907,-0.2150326869,-0.0374238963
1577,0.1742889213,-0.2117131168,-0.0374241954
1578,0.1710678496,-0.2084923286,-0.0374244791
1579,0.1679415476,-0.2053662957,-0.0374247481
1580,0.1649061952,-0.2023311986,-0.0374250034
1581,0.1619581663,-0.1993834122,-0.0374252459
1582,0.1590940180,-0.1965194943,-0.0374254763
1583,0.1563104787,-0.1937361740,-0.0374256953
1584,0.1536044384,-0.1910303421,-0.0374259037
1585,0.1509729391,-0.1883990411,-0.0374261020
1586,0.1484131657,-0.1858394564,-0.0374262907
1587,0.1459224377,-0.1833489083,-0.0374264706
1588,0.1434982017,-0.1809248437,-0.0374266420
1589,0.1411380241,-0.1785648296,-0.0374268055
1590,0.1388395843,-0.1762665458,-0.0374269614
1591,0.1366006684,-0.1740277787,-0.0374271103
1592,0.1344191633,-0.1718464157,-0.0374272524
1593,0.1322930513,-0.1697204395,-0.0374273882
1594,0.1302204048,-0.1676479227,-0.0374275180
1595,0.1281993815,-0.1656270236,-0.0374276420
1596,0.1262282200,-0.1636559808,-0.0374277607
1597,0.1243052353,-0.1617331096,-0.0374278743
1598,0.1224288150,-0.1598567980,-0.0374279831
1599,0.1205974153,-0.1580255025,-0.0374280872
1600,0.1188095578,-0.1562377448,-0.0374281870
1601,0.1170638262,-0.1544921088,-0.0374282826
1602,0.1153588625,-0.1527872369,-0.0374283743
1603,0.1136933652,-0.1511218275,-0.0374284623
1604,0.1120660853,-0.1494946320,-0.0374285467
1605,0.1104758247,-0.1479044525,-0.0374286277
1606,0.1089214333,-0.1463501388,-0.0374287055
1607,0.1074018064,-0.1448305867,-0.0374287803
1608,0.1059158832,-0.1433447353,-0.0374288521
1609,0.1044626443,-0.1418915654,-0.0374289211
1610,0.1030411095,-0.1404700970,-0.0374289875
1611,0.1016503367,-0.1390793880,-0.0374290513
1612,0.1002894195,-0.1377185322,-0.0374291127
1613,0.0989574857,-0.1363866575,-0.0374291719
1614,0.0976536959,-0.1350829247,-0.0374292288
1615,0.0963772421,-0.1338065257,-0.0374292836
1616,0.0951273458,-0.1325566822,-0.0374293364
1617,0.0939032572,-0.1313326445,-0.0374293873
1618,0.0927042539,-0.1301336902,-0.0374294364
1619,0.0915296391,-0.1289591228,-0.0374294836
1620,0.0903787414,-0.1278082707,-0.0374295293
1621,0.0892509130,-0.1266804863,-0.0374295733
1622,0.0881455289,-0.1255751447,-0.0374296157
1623,0.0870619861,-0.1244916429,-0.0374296567
1624,0.0859997025,-0.1234293988,-0.0374296963
1625,0.0849581159,-0.1223878505,-0.0374297345
1626,0.0839366835,-0.1213664550,-0.0374297715
1627,0.0829348809,-0.1203646881,-0.0374298072
1628,0.0819522014,-0.1193820430,-0.0374298416
1629,0.0809881551,-0.1184180301,-0.0374298750
1630,0.0800422685,-0.1174721757,-0.0374299072
1631,0.0791140838,-0.1165440222,-0.0374299384
1632,0.0782031581,-0.1156331267,-0.0374299686
1633,0.0773090630,-0.1147390607,-0.0374299978
1634,0.0764313837,-0.1138614097,-0.0374300260
1635,0.0755697189,-0.1129997723,-0.0374300534
1636,0.0747236803,-0.1121537601,-0.0374300799
1637,0.0738928915,-0.1113229970,-0.0374301055
1638,0.0730769881,-0.1105071184,-0.0374301304
1639,0.0722756171,-0.1097057715,-0.0374301544
1640,0.0714884365,-0.1089186143,-0.0374301778
1641,0.0707151148,-0.1081453152,-0.0374302004
1642,0.0699553306,-0.1073855529,-0.0374302223
1643,0.0692087724,-0.1066390160,-0.0374302436
1644,0.0684751380,-0.1059054022,-0.0374302642
1645,0.0677541344,-0.1051844186,-0.0374302842
1646,0.0670454772,-0.1044757808,-0.0374303036
1647,0.0663488906,-0.1037792131,-0.0374303225
1648,0.0656641068,-0.1030944476,-0.0374303408
1649,0.0649908660,-0.1024212245,-0.0374303585
1650,0.0643289158,-0.1017592916,-0.0374303758
1651,0.0636780113,-0.1011084038,-0.0374303925
1652,0.0630379144,-0.1004683232,-0.0374304088
1653,0.0624083941,-0.0998388187,-0.0374304246
1654,0.0617892258,-0.0992196658,-0.0374304399
1655,0.0611801913,-0.0986106462,-0.0374304549
1656,0.0605810786,-0.0980115479,-0.0374304694
1657,0.0599916813,-0.0974221648,-0.0374304835
1658,0.0594117993,-0.0968422965,-0.0374304972
1659,0.0588412376,-0.0962717481,-0.0374305105
1660,0.0582798067,-0.0957103302,-0.0374305235
1661,0.0577273222,-0.0951578583,-0.0374305361
1662,0.0571836050,-0.0946141534,-0.0374305484
1663,0.0566484805,-0.0940790408,-0.0374305603
1664,0.0561217789,-0.0935523509,-0.0374305719
1665,0.0556033351,-0.0930339184,-0.0374305833
1666,0.0550929883,-0.0925235826,-0.0374305943
1667,0.0545905818,-0.0920211868,-0.0374306050
1668,0.0540959633,-0.0915265788,-0.0374306154
1669,0.0536089844,-0.0910396100,-0.0374306256
1670,0.0531295004,-0.0905601359,-0.0374306355
1671,0.0526573706,-0.0900880157,-0.0374306452
1672,0.0521924578,-0.0896231124,-0.0374306546
1673,0.0517346284,-0.0891652921,-0.0374306637
1674,0.0512837522,-0.0887144248,-0.0374306727
1675,0.0508397022,-0.0882703836,-0.0374306814
1676,0.0504023549,-0.0878330447,-0.0374306898
1677,0.0499715896,-0.0874022877,-0.0374306981
1678,0.0495472888,-0.0869779949,-0.0374307062
1679,0.0491293379,-0.0865600519,-0.0374307140
1680,0.0487176253,-0.0861483470,-0.0374307217
1681,0.0483120419,-0.0857427710,-0.0374307292
1682,0.0479124814,-0.0853432179,-0.0374307365
1683,0.0475188403,-0.0849495839,-0.0374307436
1684,0.0471310174,-0.0845617679,-0.0374307505
1685,0.0467489141,-0.0841796714,-0.0374307573
1686,0.0463724341,-0.0838031980,-0.0374307639
1687,0.0460014834,-0.0834322538,-0.0374307704
1688,0.0456359705,-0.0830667472,-0.0374307766
1689,0.0452758059,-0.0827065887,-0.0374307828
1690,0.0449209023,-0.0823516911,-0.0374307888
1691,0.0445711744,-0.0820019691,-0.0374307946
1692,0.0442265391,-0.0816573394,-0.0374308004
1693,0.0438869150,-0.0813177210,-0.0374308059
1694,0.0435522230,-0.0809830344,-0.0374308114
1695,0.0432223855,-0.0806532022,-0.0374308167
1696,0.0428973270,-0.0803281489,-0.0374308219
1697,0.0425769735,-0.0800078005,-0.0374308270
1698,0.0422612529,-0.0796920849,-0.0374308320
1699,0.0419500949,-0.0793809317,-0.0374308368
1700,0.0416434305,-0.0790742720,-0.0374308415
1701,0.0413411925,-0.0787720386,-0.0374308462
1702,0.0410433152,-0.0784741659,-0.0374308507
1703,0.0407497345,-0.0781805896,-0.0374308551
1704,0.0404603877,-0.0778912472,-0.0374308594
1705,0.0401752136,-0.0776060772,-0.0374308636
1706,0.0398941522,-0.0773250200,-0.0374308677
1707,0.0396171451,-0.0770480169,-0.0374308718
1708,0.0393441352,-0.0767750109,-0.0374308757
1709,0.0390750665,-0.0765059460,-0.0374308796
1710,0.0388098845,-0.0762407678,-0.0374308833
1711,0.0385485358,-0.0759794228,-0.0374308870
1712,0.0382909684,-0.0757218590,-0.0374308906
1713,0.0380371312,-0.0754680253,-0.0374308941
1714,0.0377869745,-0.0752178720,-0.0374308975
1715,0.0375404495,-0.0749713503,-0.0374309009
1716,0.0372975086,-0.0747284128,-0.0374309042
1717,0.0370581055,-0.0744890129,-0.0374309074
1718,0.0368221945,-0.0742531050,-0.0374309105
1719,0.0365897313,-0.0740206449,-0.0374309136
1720,0.0363606725,-0.0737915891,-0.0374309166
1721,0.0361349755,-0.0735658950,-0.0374309195
1722,0.0359125989,-0.0733435213,-0.0374309224
1723,0.0356935022,-0.0731244274,-0.0374309252
1724,0.0354776456,-0.0729085735,-0.0374309279
1725,0.0352649905,-0.0726959210,-0.0374309306
1726,0.0350554989,-0.0724864321,-0.0374309332
1727,0.0348491339,-0.0722800696,-0.0374309358
1728,0.0346458592,-0.0720767975,-0.0374309383
1729,0.0344456396,-0.0718765803,-0.0374309407
1730,0.0342484405,-0.0716793836,-0.0374309431
1731,0.0340542282,-0.0714851736,-0.0374309454
1732,0.0338629696,-0.0712939173,-0.0374309477
1733,0.0336746325,-0.0711055825,-0.0374309499
1734,0.0334891855,-0.0709201376,-0.0374309521
1735,0.0333065979,-0.0707375521,-0.0374309542
1736,0.0331268395,-0.0705577958,-0.0374309563
1737,0.0329498810,-0.0703808394,-0.0374309584
1738,0.0327756939,-0.0702066543,-0.0374309603
1739,0.0326042501,-0.0700352124,-0.0374309623
1740,0.0324355223,-0.0698664865,-0.0374309642
1741,0.0322694839,-0.0697004499,-0.0374309660
1742,0.0321061087,-0.0695370766,-0.0374309678
1743,0.0319453716,-0.0693763412,-0.0374309696
1744,0.0317872475,-0.0692182188,-0.0374309713
1745,0.0316317124,-0.0690626854,-0.0374309730
1746,0.0314787427,-0.0689097174,-0.0374309746
1747,0.0313283154,-0.0687592916,-0.0374309762
1748,0.0311804080,-0.0686113858,-0.0374309778
1749,0.0310349987,-0.0684659781,-0.0374309793
1750,0.0308920662,-0.0683230470,-0.0374309808
1751,0.0307515898,-0.0681825720,-0.0374309822
1752,0.0306135491,-0.0680445328,-0.0374309837
1753,0.0304779246,-0.0679089096,-0.0374309850
1754,0.0303446970,-0.0677756834,-0.0374309864
1755,0.0302138477,-0.0676448354,-0.0374309877
1756,0.0300853586,-0.0675163475,-0.0374309889
1757,0.0299592119,-0.0673902021,-0.0374309902
1758,0.0298353906,-0.0672663820,-0.0374309914
1759,0.0297138781,-0.0671448706,-0.0374309925
1760,0.0295946580,-0.0670256516,-0.0374309937
1761,0.0294777147,-0.0669087095,-0.0374309948
1762,0.0293630329,-0.0667940288,-0.0374309958
1763,0.0292505980,-0.0666815948,-0.0374309969
1764,0.0291403954,-0.0665713933,-0.0374309979
1765,0.0290324114,-0.0664634103,-0.0374309989
1766,0.0289266326,-0.0663576324,-0.0374309998
1767,0.0288230459,-0.0662540466,-0.0374310007
1768,0.0287216388,-0.0661526404,-0.0374310016
1769,0.0286223992,-0.0660534017,-0.0374310025
1770,0.0285253154,-0.0659563187,-0.0374310033
1771,0.0284303761,-0.0658613802,-0.0374310041
1772,0.0283375704,-0.0657685753,-0.0374310049
1773,0.0282468880,-0.0656778936,-0.0374310056
1774,0.0281583189,-0.0655893252,-0.0374310063
1775,0.0280718533,-0.0655028603,-0.0374310070
1776,0.0279874822,-0.0654184898,-0.0374310076
1777,0.0279051967,-0.0653362050,-0.0374310083
1778,0.0278249884,-0.0652559973,-0.0374310089
1779,0.0277468493,-0.0651778588,-0.0374310095
1780,0.0276707718,-0.0651017818,-0.0374310100
1781,0.0275967488,-0.0650277593,-0.0374310105
1782,0.0275247733,-0.0649557843,-0.0374310110
1783,0.0274548390,-0.0648858505,-0.0374310115
1784,0.0273869398,-0.0648179517,-0.0374310119
1785,0.0273210700,-0.0647520823,-0.0374310123
1786,0.0272572244,-0.0646882372,-0.0374310127
1787,0.0271953982,-0.0646264113,-0.0374310131
1788,0.0271355867,-0.0645666002,-0.0374310134
1789,0.0270777860,-0.0645087997,-0.0374310137
1790,0.0270219921,-0.0644530061,-0.0374310140
1791,0.0269682019,-0.0643992162,-0.0374310143
1792,0.0269164122,-0.0643474267,-0.0374310145
1793,0.0268666206,-0.0642976353,-0.0374310147
1794,0.0268188248,-0.0642498397,-0.0374310149
1795,0.0267730229,-0.0642040380,-0.0374310150
1796,0.0267292136,-0.0641602288,-0.0374310152
1797,0.0266873957,-0.0641184109,-0.0374310153
1798,0.0266475685,-0.0640785839,-0.0374310153
1799,0.0266097318,-0.0640407472,-0.0374310154
1800,0.0265738856,-0.0640049010,-0.0374310154
1801,0.0265400305,-0.0639710459,-0.0374310154
1802,0.0265081671,-0.0639391825,-0.0374310154
1803,0.0264782969,-0.0639093122,-0.0374310153
1804,0.0264504214,-0.0638814366,-0.0374310152
1805,0.0264245426,-0.0638555577,-0.0374310151
1806,0.0264006630,-0.0638316780,-0.0374310150
1807,0.0263787854,-0.0638098002,-0.0374310148
1808,0.0263589130,-0.0637899276,-0.0374310146
1809,0.0263410495,-0.0637720639,-0.0374310144
1810,0.0263251988,-0.0637562129,-0.0374310142
1811,0.0263113654,-0.0637423793,-0.0374310139
1812,0.0262995542,-0.0637305677,-0.0374310136
1813,0.0262897703,-0.0637207836,-0.0374310132
1814,0.0262820196,-0.0637130325,-0.0374310129
1815,0.0262763081,-0.0637073206,-0.0374310125
1816,0.0262726424,-0.0637036544,-0.0374310121
1817,0.0262710293,-0.0637020409,-0.0374310116
1818,0.0262714764,-0.0637024875,-0.0374310111
1819,0.0262739915,-0.0637050021,-0.0374310106
1820,0.0262785828,-0.0637095929,-0.0374310101
1821,0.0262852592,-0.0637162687,-0.0374310095
1822,0.0262940298,-0.0637250387,-0.0374310089
1823,0.0263049043,-0.0637359125,-0.0374310083
1824,0.0263178928,-0.0637489004,-0.0374310076
1825,0.0263330060,-0.0637640074,-0.0374310014
1826,0.0263502550,-0.0637812557,-0.0374310007
1827,0.0263696513,-0.0638006512,-0.0374309999
1828,0.0263912071,-0.0638222062,-0.0374309991
1829,0.0264149350,-0.0638459332,-0.0374309983
1830,0.0264408480,-0.0638718454,-0.0374309974
1831,0.0264689598,-0.0638999563,-0.0374309965
1832,0.0264992846,-0.0639302802,-0.0374309955
1833,0.0265318371,-0.0639628316,-0.0374309945
1834,0.0265666325,-0.0639976260,-0.0374309935
1835,0.0266036866,-0.0640346790,-0.0374309925
1836,0.0266430158,-0.0640740072,-0.0374309914
1837,0.0266846371,-0.0641156273,-0.0374309902
1838,0.0267285679,-0.0641595570,-0.0374309890
1839,0.0267748266,-0.0642058144,-0.0374309878
1840,0.0268234317,-0.0642544182,-0.0374309866
1841,0.0268744027,-0.0643053879,-0.0374309852
1842,0.0269277595,-0.0643587434,-0.0374309839
1843,0.0269835230,-0.0644145055,-0.0374309825
1844,0.0270417143,-0.0644726953,-0.0374309811
1845,0.0271023554,-0.0645333350,-0.0374309796
1846,0.0271654691,-0.0645964472,-0.0374309780
1847,0.0272310788,-0.0646620552,-0.0374309764
1848,0.0272992085,-0.0647301833,-0.0374309748
1849,0.0273698830,-0.0648008561,-0.0374309731
1850,0.0274431281,-0.0648740994,-0.0374309714
1851,0.0275189699,-0.0649499395,-0.0374309696
1852,0.0275974358,-0.0650284035,-0.0374309677
1853,0.0276785536,-0.0651095194,-0.0374309658
1854,0.0277623520,-0.0651933159,-0.0374309639
1855,0.0278488608,-0.0652798227,-0.0374309619
1856,0.0279381104,-0.0653690701,-0.0374309598
1857,0.0280301320,-0.0654610896,-0.0374309576
1858,0.0281249580,-0.0655559135,-0.0374309554
1859,0.0282226216,-0.0656535748,-0.0374309532
1860,0.0283231569,-0.0657541077,-0.0374309508
1861,0.0284265989,-0.0658575473,-0.0374309484
1862,0.0285329838,-0.0659639297,-0.0374309459
1863,0.0286423487,-0.0660732921,-0.0374309434
1864,0.0287547317,-0.0661856725,-0.0374309408
1865,0.0288701721,-0.0663011102,-0.0374309381
1866,0.0289887102,-0.0664196455,-0.0374309353
1867,0.0291103875,-0.0665413200,-0.0374309325
1868,0.0292352467,-0.0666661762,-0.0374309295
1869,0.0293633316,-0.0667942581,-0.0374309265
1870,0.0294946871,-0.0669256105,-0.0374309234
1871,0.0296293598,-0.0670602800,-0.0374309202
1872,0.0297673971,-0.0671983140,-0.0374309169
1873,0.0299088480,-0.0673397615,-0.0374309136
1874,0.0300537629,-0.0674846729,-0.0374309101
1875,0.0302021934,-0.0676330999,-0.0374309065
1876,0.0303541928,-0.0677850956,-0.0374309028
1877,0.0305098157,-0.0679407147,-0.0374308991
1878,0.0306691183,-0.0681000135,-0.0374308952
1879,0.0308321584,-0.0682630496,-0.0374308912
1880,0.0309989955,-0.0684298825,-0.0374308871
1881,0.0311696905,-0.0686005733,-0.0374308828
1882,0.0313443064,-0.0687751848,-0.0374308785
1883,0.0315229076,-0.0689537816,-0.0374308740
1884,0.0317055607,-0.0691364300,-0.0374308694
1885,0.0318923338,-0.0693231985,-0.0374308646
1886,0.0320832974,-0.0695141571,-0.0374308598
1887,0.0322785236,-0.0697093783,-0.0374308547
1888,0.0324780867,-0.0699089363,-0.0374308496
1889,0.0326820633,-0.0701129076,-0.0374308442
1890,0.0328905320,-0.0703213708,-0.0374308388
1891,0.0331035738,-0.0705344069,-0.0374308331
1892,0.0333212719,-0.0707520993,-0.0374308273
1893,0.0335437121,-0.0709745335,-0.0374308213
1894,0.0337709827,-0.0712017978,-0.0374308152
1895,0.0340031743,-0.0714339831,-0.0374308088
1896,0.0342403805,-0.0716711828,-0.0374308023
1897,0.0344826976,-0.0719134932,-0.0374307956
1898,0.0347302247,-0.0721610134,-0.0374307886
1899,0.0349830639,-0.0724138454,-0.0374307815
1900,0.0352413202,-0.0726720943,-0.0374307741
1901,0.0355051019,-0.0729358685,-0.0374307666
1902,0.0357745207,-0.0732052794,-0.0374307587
1903,0.0360496914,-0.0734804421,-0.0374307507
1904,0.0363307326,-0.0737614749,-0.0374307424
1905,0.0366177662,-0.0740485000,-0.0374307338
1906,0.0369109181,-0.0743416431,-0.0374307250
1907,0.0372103182,-0.0746410340,-0.0374307158
1908,0.0375161000,-0.0749468064,-0.0374307064
1909,0.0378284017,-0.0752590984,-0.0374306967
1910,0.0381473654,-0.0755780521,-0.0374306867
1911,0.0384731381,-0.0759038144,-0.0374306764
1912,0.0388058711,-0.0762365368,-0.0374306657
1913,0.0391457208,-0.0765763755,-0.0374306547
1914,0.0394928486,-0.0769234918,-0.0374306433
1915,0.0398474209,-0.0772780524,-0.0374306315
1916,0.0402096098,-0.0776402292,-0.0374306194
1917,0.0405795929,-0.0780101997,-0.0374306068
1918,0.0409575536,-0.0783881475,-0.0374305938
1919,0.0413436816,-0.0787742620,-0.0374305804
1920,0.0417381726,-0.0791687392,-0.0374305666
1921,0.0421412292,-0.0795717814,-0.0374305522
1922,0.0425530606,-0.0799835980,-0.0374305374
1923,0.0429738831,-0.0804044052,-0.0374305221
1924,0.0434039207,-0.0808344269,-0.0374305062
1925,0.0438434048,-0.0812738946,-0.0374304897
1926,0.0442925751,-0.0817230478,-0.0374304727
1927,0.0447516793,-0.0821821344,-0.0374304551
1928,0.0452209741,-0.0826514110,-0.0374304369
1929,0.0457007253,-0.0831311433,-0.0374304179
1930,0.0461912081,-0.0836216065,-0.0374303984
1931,0.0466927076,-0.0841230856,-0.0374303780
1932,0.0472055191,-0.0846358761,-0.0374303570
1933,0.0477299488,-0.0851602840,-0.0374303352
1934,0.0482663142,-0.0856966267,-0.0374303125
1935,0.0488149445,-0.0862452334,-0.0374302890
1936,0.0493761809,-0.0868064455,-0.0374302646
1937,0.0499503778,-0.0873806171,-0.0374302393
1938,0.0505379028,-0.0879681158,-0.0374302130
1939,0.0511391376,-0.0885693233,-0.0374301857
1940,0.0517544786,-0.0891846359,-0.0374301573
1941,0.0523843374,-0.0898144652,-0.0374301278
1942,0.0530291419,-0.0904592390,-0.0374300971
1943,0.0536893366,-0.0911194018,-0.0374300652
1944,0.0543653839,-0.0917954159,-0.0374300320
1945,0.0550577645,-0.0924877620,-0.0374299975
1946,0.0557669787,-0.0931969402,-0.0374299615
1947,0.0564935470,-0.0939234710,-0.0374299241
1948,0.0572380112,-0.0946678963,-0.0374298851
1949,0.0580009359,-0.0954307803,-0.0374298444
1950,0.0587829089,-0.0962127109,-0.0374298021
1951,0.0595845429,-0.0970143008,-0.0374297579
1952,0.0604064766,-0.0978361884,-0.0374297118
1953,0.0612493763,-0.0986790400,-0.0374296637
1954,0.0621139369,-0.0995435504,-0.0374296135
1955,0.0630008837,-0.1004304448,-0.0374295611
1956,0.0639109740,-0.1013404803,-0.0374295063
1957,0.0648449988,-0.1022744478,-0.0374294491
1958,0.0658037845,-0.1032331737,-0.0374293892
1959,0.0667881952,-0.1042175218,-0.0374293266
1960,0.0677991343,-0.1052283954,-0.0374292610
1961,0.0688375471,-0.1062667396,-0.0374291924
1962,0.0699044229,-0.1073335435,-0.0374291206
1963,0.0710007977,-0.1084298430,-0.0374290453
1964,0.0721277566,-0.1095567230,-0.0374289664
1965,0.0732864372,-0.1107153208,-0.0374288836
1966,0.0744780321,-0.1119068288,-0.0374287967
1967,0.0757037923,-0.1131324979,-0.0374287056
1968,0.0769650311,-0.1143936409,-0.0374286098
1969,0.0782631274,-0.1156916365,-0.0374285092
1970,0.0795995298,-0.1170279331,-0.0374284034
1971,0.0809757611,-0.1184040531,-0.0374282921
1972,0.0823934228,-0.1198215977,-0.0374281749
1973,0.0838542001,-0.1212822517,-0.0374280516
1974,0.0853598673,-0.1227877889,-0.0374279216
1975,0.0869122933,-0.1243400779,-0.0374277846
1976,0.0885134481,-0.1259410881,-0.0374276401
1977,0.0901654092,-0.1275928968,-0.0374274875
1978,0.0918703692,-0.1292976956,-0.0374273264
1979,0.0936306428,-0.1310577990,-0.0374271562
1980,0.0954486758,-0.1328756521,-0.0374269762
1981,0.0973270541,-0.1347538399,-0.0374267858
1982,0.0992685129,-0.1366950971,-0.0374265842
1983,0.1012759479,-0.1387023185,-0.0374263706
1984,0.1033524266,-0.1407785707,-0.0374261441
1985,0.1055012002,-0.1429271040,-0.0374259038
1986,0.1077257178,-0.1451513666,-0.0374256488
1987,0.1100296406,-0.1474550183,-0.0374253778
1988,0.1124168577,-0.1498419474,-0.0374250897
1989,0.1148915040,-0.1523162871,-0.0374247831
1990,0.1174579780,-0.1548824347,-0.0374244567
1991,0.1201209633,-0.1575450722,-0.0374241089
1992,0.1228854506,-0.1603091885,-0.0374237379
1993,0.1257567619,-0.1631801038,-0.0374233419
1994,0.1287405779,-0.1661634967,-0.0374229189
1995,0.1318429664,-0.1692654329,-0.0374224666
1996,0.1350704150,-0.1724923976,-0.0374219826
1997,0.1384298663,-0.1758513304,-0.0374214642
1998,0.1419287556,-0.1793496640,-0.0374209084
1999,0.1455750544,-0.1829953665,-0.0374203121
